2018/09/10,9/10,"とんこつラーメン食べたい…
と検索しながら寝落ちてた。。

田村ゆかり
"
2018/09/08,9/8,"お腹いっぱいぱーい。
エンゼルパイたべぱい。

田村ゆかり
"
2018/09/07,9/7,"おなぺこりん(´+ω+｀)

田村ゆかり
"
2018/09/03,9/3,"あ、、今日雨だったんですね…
かさ…え。

田村ゆかり
"
2018/08/31,8/31,"気づいたら、「扇風機何台あるんだよ！」状態になってる。。
暑いの苦手。。

田村ゆかり
"
2018/08/28,8/28,"今日は雨が降りませんように

田村ゆかり
"
2018/08/22,8/22,"一昨日サンダルで出来た靴擦れが痛くて、絆創膏ないかなーって探したらゴミしか入ってないお化粧ポーチからゴミみたいになってる傷パワーパッドが出てきたから貼ったよ( ？？？ )
1年以上前に入れたやつだよ。
必要なときが来るとは思わなかったよ。

田村ゆかり
"
2018/08/20,8/20,"おうおうおまいら！
ゆかりんが何をしてるところが見たいか教えやがってくださいおながいします。

ハッシュタグ #ゆかドリーム
でつぶやいてくださいおなしゃす！

田村ゆかり
"
2018/08/17,8/17-2,"今日も日傘を忘れました。
この間新しいのを買ったばかりなのに。忘れたというよりも、あえて置いてきました。
だって邪魔なんだもん。

田村ゆかり
"
2018/08/17,8/17,"iPhoneからiPhoneに充電できるようになればいいのにって思ったけど、そんなの私くらいしか喜ぶ人がいないから永遠に搭載されない機能だろうなって達観した表情になりました。

田村ゆかり
"
2018/08/15,8/15,"なんだかとても悲しくて、
無性にプリンが食べたい…
甘いものが食べたいよう。。
甘いものに甘えるしかないんだ
甘えられる人なんていないからね

田村ゆかり
"
2018/08/13,8/13,"紙で手のひらを切って地味に痛い。
これ手相の線としてカウントされないかな？
何線なのかわからないけど。

田村ゆかり
"
2018/08/10,8/10,"気づいたら、乗ってる電車がわけがわからないところにいて戸惑ってる。。
え、なにこれ、、どっかで乗り換えないといけなかったのかな。。

田村ゆかり
"
2018/08/06,8/6,"久しぶりに車酔いをしそうだなと、朝からずっと思っている

田村ゆかり
"
2018/08/05,8/5,"いい天気だなぁ
遊びに行きたい
遊べる人がいない
詰んでれら

田村ゆかり
"
2018/08/02,8/2,"ハニートーストたべたい

田村ゆかり
"
2018/08/01,8/1,"あー。また日傘忘れた。
炎天下なのにー！

田村ゆかり
"
2018/07/30,7/30,"お腹すいてるるる
道を歩いてたら、マックのポテトの匂いがしたんだけど、近所にマックなんてないし、それどころかファストフードが皆無なんですけど。
いったいこの香りはどこから…

田村ゆかり
"
2018/07/27,7/27,"好きだった、くきわかめが近所のコンビニから消えた・・・。
他のをかってみたけど、これじゃないよぉ。。
ゆかりのくきわかめ・・。

田村ゆかり
"
2018/07/26,7/26,"もうすぐ７月終わっちゃう。
夏が終わってしまう・・。
また今年もなんにもない。
どうしよう。

田村ゆかり
"
2018/07/21,7/21,"リモコンが行方不明になって、えぐえぐしながら彷徨ってる。。
えーん。

田村ゆかり
"
2018/07/19,7/19,"わーい。
チョココロネ食べよう。
なんの変哲も無いチョココロネ！

田村ゆかり
"
2018/07/17,7/17,"花火したい。
もしくは見たい。
でも涼しいとこがいいな。

田村ゆかり
"
2018/07/14,7/14,"ひとさし指をスライド扉に挟んで、めっちゃ痛い。。
皮めくれたけど、めくれた痛みより挟んだ痛みが勝ってるから、染みるかどうかわかんないよおお。
傷パワーパッド的なの貼るべきなのか・・？
尚、皮は少しだけずるんと剥けてるけど、今のところなんの汁もでていない・・。

田村ゆかり
"
2018/07/13,7/13,"ふう。
アメリカンドッグおいしいれす。

アメリカンドッ子
"
2018/07/12,7/12,"こんばんわ。
野菜じゃないのはわかってるのにサラダチキンのサラダ部分に反応して苦手意識がぬぐえないマンです。

野菜じゃないのはわかってるのにサラダチキンのサラダ部分に反応して苦手意識がぬぐえないマン
"
2018/07/10,7/10-2,"でも、エアコンつけたり消したりする方がよくない説もあるよね！！！

(´・ω...:.;::..

田村ゆかり
"
2018/07/10,7/10,"玄関を開けた時に、いつももわっとする部屋がとても涼しかった…。
どうやらエアコンを付けっ放しで家を出たようだ。
え、朝からずっと？え？
よくわからないけど、慌てて切った。
あつい。え、これ意味なくない？え？

田村ゆかり
"
2018/07/08,7/8,"ラムネアイス美味しい。
ラムネが入ってるのが好き。
また買いたい。

田村ゆかり
"
2018/07/05,7/5,"チョココロネが食べたい。
昔ながらのオシャレじゃないチョココロネが食べたい…。
下からちょっとこぼしたい。。

田村ゆかり
"
2018/07/03,7/3,"おなかすいたから、ちくわを食べている。
ひたすら食べている。
チーズ入りちくわ美味しい。
てらしーありがとう。

田村ゆかり
"
2018/06/30,6/30,"衣替えしてないから着る物がない
冬の間にも着もしなかったセーターとか持ってる意味あるの…？

田村ゆかり
"
2018/06/29,6/29,"あついですね…

田村ゆかり
"
2018/06/23,6/23,"加湿器しまって、扇風機を出してみましたけど？

田村ゆかり
"
2018/06/21,6/21,"いつも買ってた商品がコンビニから消えてる時の悲しみ
もう取り扱いやめちゃったのかな？

田村ゆかり
"
2018/06/20,6/20,"なんかよくわかんないけど手の甲から変なにおいがしてる・・。
においには敏感なんですよ。

田村ゆかり
"
2018/06/18,6/18,"暑いのか寒いのかわかんなくて身体が全然ついていけてない感じすごい。。

田村ゆかり
"
2018/06/16,6/16,"歯医者さんの治療でまさかの麻酔を打たれてびっくりしましたにゃー。
怖くはないけどね。

田村ゆかり
"
2018/06/15,6/15,"長袖着てるけどどう考えても寒くて震えてるんですが、半袖だったりノースリーブだったりする人がいるんですが、いったいどうなってるんだぜ？
こっちはコンビニでカイロ探しまくってるのに！

田村ゆかり
"
2018/06/14,6/14,"昨日食べ過ぎたから今日は控えめにしようと思ってたのに、控えめな食材の食べ物をたくさん食べてしまって後悔しています。。

田村ゆかり
"
2018/06/13,6/13,"黒ウーロン茶を頼んでウーロン茶を出されても気づかないけど、なんかもやっとするよね。

田村ゆかり
"
2018/06/11,6/11,"ああ、今日も衣替えしなかったな。。

田村ゆかり
"
2018/06/10,6/10,"そういえばまだ晩御飯食べてなかったけど、なんかもう食べなくてもいいかなって気がしてる。どしよかな。
体調悪い時はちゃんと食べると心に決めてはいるのだけど。。

田村ゆかり
"
2018/06/09,6/9,"あ、今日、ロックの日なのか。
ロックの汎用性の高さよ。

田村ゆかり
"
2018/06/07,6/7-3,"雪見だいふくも水羊羹もみたらし団子もたらみのみかんゼリーもない近所のコンビニに絶望している

田村ゆかり
"
2018/06/07,6/7-2,"いま、無性に柔らかい求肥みたいなものが食べたい。。
きっと食べたいのは今日だけだけど。
ふにゃふにゃの柔らかいものを飲みたい。

田村ゆかり
"
2018/06/07,6/7,"カステラも空気だから0kcal

田村ゆかり
"
2018/06/04,6/4-2,"いや、間違えた。
虫の日？

田村ゆかり
"
2018/06/04,6/4,"今日は虫歯の日！
なのかな？

田村ゆかり
"
2018/06/02,6/2,"左目かゆいかゆいマンだよう

田村ゆかり
"
2018/05/30,5/30-3,"え。生いちじく1日に3個までなの？
腐らせちゃうの嫌だから4個食べちゃったよ。。
チェリーもあるけど、今日食べるのは無理そう。。
おなかぽんぽん。。

田村ゆかり
"
2018/05/30,5/30,"生いちじくの季節だね。
あとアメリカンチェリー！
どっちも好き。
今からいちじくる！

田村ゆかり
"
2018/05/30,5/30,"昨日の豆むきのせいで、右手のひとさし指がめっちゃしみる。。。
いちじく剥けないじゃん！

田村ゆかり
"
2018/05/29,5/29,"めっちゃ豆むいた。
指先が地味にしみる。。

田村ゆかり
"
2018/05/28,5/28,"晩ご飯早かったからお腹すいた(´･ω･｀)
食べないけど。。

田村ゆかり
"
2018/05/27,5/27,"おもむろにお洗濯をはじめたマン。
私年中お洗濯してるな…。
お洗濯してない日、ほぼないかも。

田村ゆかり
"
2018/05/26,5/26,"キーボードのスペースが打ちにくい。
なんかひっかかる。


…こないだブリトーのチーズこぼしたからかな？！
まさかね！うふふ。

田村ゆかり
"
2018/05/25,5/25,"長袖暑い。。
しかも微妙にニット。。
暑くて汗かいて風邪ひいたりして…。

衣替え出来てないから着るものがない。。
夜中にやるしかないのかな。、
ふふふ。ふふ。

田村ゆかり
"
2018/05/23,5/23,"雨めっちゃ降ってて、タクシー乗ったら椅子が濡れててめっちゃ濡れた。。
めっちゃ冷たい。。

田村ゆかり
"
2018/05/22,5/22,"領収書まとめてたはずなのに寝てました。。
あかん。。もうだめや。。

田村ゆかり
"
2018/05/21,5/21,"暖かすぎて眠たい。。

田村ゆかり
"
2018/05/20,5/20,"お菓子もりもり食べてる…。
やばい。。やばい。。

田村ゆかり
"
2018/05/19,5/19,"こんな時間にソファーのカバーを洗濯し始めてしまった。
転がりたいけどカバーがないからちょっとためらう、、

ほんとは、予備のカバー２つあるんだけど、色が違うから、土台とか足の部分とか全部変えなきゃいけないのよね。
そんなめんどくさいこと、いまからやりたくないよね。
…なんで洗濯始めてしまったのだろう…。。

田村ゆかり
"
2018/05/17,5/17,"お洒落なカフェでお洒落ななんらかをお洒落に食べてお洒落ぶりたい

田村ゆかり
"
2018/05/14,5/14,"咳き込んでたらタクシーの運転手さんに飴もらった。
タクシーの運転手さん、何気に物をよくくれるよね。
ハイチュウおじさんにまた会いたいなぁ。

田村ゆかり
"
2018/05/13,5/13,"今日は母の日ですよー

田村ゆかり
"
2018/05/10,5/10,"寒すぎてどうしたらいいかわからない

田村ゆかり
"
2018/05/05,5/5-3,"集めてるの、ひっさつの秘伝書じゃなくて、ひっさつのページだったよ。。
やっと出たと思ったら重複してるやつだよ。
桃色はもういらないんだようー。
横取りはやってないでーす

田村ゆかり
"
2018/05/05,5/5-2,"ひっさつの秘伝書ｷﾀ━(ﾟ∀ﾟ)━!
と思ったらかき氷だった時のガッカリ感

田村ゆかり
"
2018/05/05,5/5,"ただぼーっとぷにぷにしてる
必殺の秘伝書がちっとも集まらないよ

田村ゆかり
"
2018/05/02,5/2,"トッポのなんか太いやつ最初は凄い！と思ってたけど、慣れてくるとなんか物足りない。。
もっと太いやつでないかな？
チョココロネくらいのやつ
チョコ、とろーりなの。
それもうチョココロネやん。

田村ゆかり
"
2018/05/01,5/1,"なんか、芽がでてきた！
ちゃんと育つかな？

田村ゆかり
"
2018/04/28,4/28,"お弁当屋さんに寄ったら24hのはずなのに閉まってて途方にくれてる
うふふ。ゆかりんあるある。

田村ゆかり
"
2018/04/26,4/26,"はぁ。
ひんやりした喉ごしの良いもの食べたい(再)

田村ゆかり
"
2018/04/25,4/25,"「さいごうどん」って打ったら
「最後うどん」って変換した私の辞書最強すぎるじゃろ。

田村ゆかり
"
2018/04/24,4/24,"テレビつけたら、おにぎり特集やってたー！
意識高い系のおにぎりでいきなり吹いた。

おにぎりすきよ。
でも。ほんとは手巻き寿司の方が好きよ！
ツナのやつたべたい。

田村ゆかり
"
2018/04/23,4/23,"前髪切ったからか目がコロコロするよ。
あとどんどん短くなっていってツラすぎる。
そのうち前髪なくなると思う。
デコ出せよ派の人たちおめでとう。
海苔とか貼ったら誤魔化せるかもしれないけど…。

田村ゆかり
"
2018/04/20,4/20,"電車の中でたこ焼きの匂いがしてるんだけど、一体どこから、、

田村ゆかり
"
2018/04/18,4/18-2,"傘を、どこかに、忘れて来た、マン
どこだろ。。
可愛くしてた傘だったのにな…。

田村ゆかり
"
2018/04/18,4/18,"もう、、雨降らないとか、、嘘でしょ…
傘邪魔ー！

田村ゆかり
"
2018/04/16,4/16,"前髪切ったら、、、


田村ゆかり
"
2018/04/15,4/15,"ペットボトルで野菜育てるやーつ買ったけど、ペットボトルがないっていう。。
買うか…。500の水。

田村ゆかり
"
2018/04/12,4/12,"あー、
また待ってたホームに電車来なかった。。
なんでいつもやってしまうんだろう。。
あと、息も絶え絶えであるのは、暑さのせいです。たぶん。

田村ゆかり
"
2018/04/10,4/10,"ううーん。
頭が働かないよぉー。
あんぱんまーん。。。

田村ゆかり
"
2018/04/09,4/9,"なんか毎日頭痛い(´+ω+｀)
薬飲んだら収まるけど。。

田村ゆかり
"
2018/04/07,4/7,"やんなきゃいけないことがちっとも終わらない。。
ちょっと休憩しようかな。。
転がったら落ちるかなぁ。。

田村ゆかり
"
2018/04/05,4/5,"あっれ！外めちゃくちゃ寒い。。
ていうか小雨降ってる。
え？
家帰るとき降ってないといいなぁ。。

田村ゆかり
"
2018/04/04,4/4,"細麺の豚骨ラーメン食べたい。。
細麺じゃなきゃやだ。

田村ゆかり
"
2018/04/03,4/3,"湯船に入ったのにめっちゃ寒いとか。。
お腹にカイロ貼った方が良さそうだけど、動きたくない。。

田村ゆかり
"
2018/04/02,4/2,"コート着てないけど夜寒かったりするのかな？
毎日毎日同じ悩み。。
あと、持ち歩いてるお茶が残り少ないのにコンビニがみつからない。
ここは本当に都会なの？

田村ゆかり
"
2018/04/01,4/1,"はなみずるずるすぎておぼれそう
あたまいたい。。

田村ゆかり
"
2018/03/30,3/30,"「この面を上にお開け下さい」の文字を見てなくて、開けた瞬間に中身が全部落下した・・・。

私の今日の晩ご飯は、この落下したお菓子です。。

田村ゆかり
"
2018/03/29,3/29,"肉の日なのにきっと今日はお肉を食べられない悲しみ

田村ゆかり
"
2018/03/27,3/27,"久しぶりにブーツじゃない靴履いたら、指先が痛くて痛くて、よちよち歩きしか出来なかった(´；ω；`)ｳｯ…
足痛くてちょっと攣ってる。。

田村ゆかり
"
2018/03/25,3/25,"みんなが思うかわいいもの教えてください。
猫とうさぎ以外でお願いします。
#ゆかりとゆかたんとゆかり姫の次にかわいいもの

田村ゆかり
"
2018/03/23,3/23,"雨すごいんですけど。。。。
傘持ってないんですけど。。

田村ゆかり
"
2018/03/21,3/21,"インターネットが何にも開けない。。
ツイッターもウェブも開くのこわい。
早くお家帰りたいなぁ。
時間空いたから、インターネット開けないけどご飯食べよう。。
私、この孤独に耐えられるかな？

田村ゆかり
"
2018/03/20,3/20,"春のコートペラペラすぎて凍えてる。
多分、ゴミ袋の方が暖かい。。
(スタジアムでたまにやります)

田村ゆかり
"
2018/03/19,3/19,"お片付けしてて、大好きなあの方の新譜を開封してない事に気づいてあけたら外のシールがやぶれて悲しみに暮れている。
あけなきゃよかったよおおお。
でも、彼は「聴いて欲しいな」って思ってるはずだから。。はずだから。。
シールの事なんて気にしてないはずだから。。
そして、その前の新譜をiTunesに取り込んだか確認したら表題曲しか入ってなかった。。
これ、取り込んだんじゃなくて、iTunesでも購入したパターンだな＼(^o^)／
取り込むのめんどくさいよね。わかる、わかるよ。去年の私。。

田村ゆかり
"
2018/03/18,3/18,"ご飯作らないって決めてからキッチンほったらかしだったんだけど、棚の中の賞味期限切れてる食材を捨てたら、何にもなくなったうけるー（笑ってない）
いまのわたしと同じだわー。うける。

田村ゆかり
"
2018/03/17,3/17,"き、今日は、、冬コートですよね？
冬コート着て来ちゃいましたよ？
え？

田村ゆかり
"
2018/03/16,3/16,"世の中の人たちに合わせて、今日は春コートを着てるんですよ…。
めちゃくちゃ寒くて凍えてるんですが…。。
ブルブル震えてる。。
ちょっと待ってどういうことなの。。

田村ゆかり
"
2018/03/16,3/15,"やっぱ、夜はまだひんやりするから、普通に冬コート着てるんだけど、道行く人はみんな薄手の上着を着てる。。
みんな寒くないのかな？
なんなら、私いま、冬コートでも寒いんだけど。。

田村ゆかり
"
2018/03/14,3/14,"ただ・・ただひたすらお茶を飲んでいます。
今のターンはまだ玉露。
なくなったら違うの飲むよ。
ほんとは日本酒に手を出したい・・。
まだ我慢している・・。
あ。。日本酒入りチョコは２個食べちゃったけど。

田村ゆかり
"
2018/03/13,3/13-2,"日本語が崩壊してるのは目が痛くて見えないからです( ？ω？)

田村ゆかり
"
2018/03/13,3/13,"さっきからの目中に繊維が入ってて、鏡でみたらこれかな？ってのがいるのに取れなくて諦めてそのままコンタクト入れ直した。

たまに黒目にやってくると痛くてでも取れなくて途方にくれている。。
いたいよー。

田村ゆかり
"
2018/03/12,3/12,"くしゃみつら。。
くしゃみつらみ。
くしゃみらつ。

田村ゆかりか
"
2018/03/11,3/11,"こないだ羽田で買った牛タン焼くよ。
うっしっし。

田村ゆかり
"
2018/03/09,3/9," 今朝見た天気予報では、お昼は18度くらいだった気がするんだけど…。
さむいよー(´；ω；`)ｳｯ…

田村ゆかり
"
2018/03/08,3/8,"雨がすごすぎて嫌すぎです。。
帰る頃には止んでるといいなぁ。
早く帰りたい。。
無理だけど。。

田村ゆかり
"
2018/03/07,3/7,"結局ソーセージがいちばんおいしい。

田村ゆかり
"
2018/03/06,3/6-2,"電子レンジ開けたら、ポテトチップス出てきた！！
いつ入れたか記憶にないけど、過去の私ありがとう！！！

田村ゆかり
"
2018/03/06,3/6,"お家帰って来たけど食べる物が、さっき買ったパンしかない。
お菓子ならめっちゃあるけど・・しょっぱいものが食べたい。。。
とりあえずなんかの餅みたいなのを食べた。
甘い。

田村ゆかり
"
2018/03/05,3/5,"帰る頃には寒いし嵐になると想定して、コートと傘スタイルで、お家出たけどあってるよね？
せめてファーッ的なやつは外してくればよかったけど、寝坊したからそんな時間なかった (●´？`●) 

田村ゆかり
"
2018/03/04,3/4,"里芋のきぬかつぎって美味しいよね。
永遠に食べ続けたい。。

田村ゆかり
"
2018/03/02,3/2,"夕方食べたお昼ご飯も、
帰ってから食べる晩御飯もハンバーガーって。。
詰んでる詰んでる詰んでるー！
でも時間ないんだもん
｡ﾟ(ﾟ´Д｀ﾟ)゜｡ｳｧｧｧﾝ

田村ゆかり
"
2018/03/01,3/1,"突然暖かすぎて、何がどうなってるんだか。。
え、もうセーターとかいらないやつ？
え？張り切って買ったのタグ付いたままですけど、、

田村ゆかり
"
2018/02/26,2/26,"今日は早くお家帰れるる。
お家帰ったら湯船つかろう。
なんか、ここ数日はお家にいるときはお風呂にばっかり入ってる気がする。。

田村ゆかり
"
2018/02/24,2/24-2,"クレカなんかトラブってるの？
寒い中せっかく並んでくれてたのにごめんね。。

田村ゆかり
"
2018/02/24,2/24,"武蔵野の森に向かうみなさん…
調布からは…橋本行きに乗っては…いけませんよ…
いいですか…橋本行きに乗っては…いけませんよ…

田村ゆかりの概念的なもの
"
2018/02/23,2/23,"ヒートシーター？ってあたたかいね。
最近はタクシーさんに常設されてる事が多くて寒がりの私にはありがたい。

田村ゆかり
"
2018/02/21,2/21,"にゃんにゃんわん！

田村ゆかり
"
2018/02/19,2/19,"今日はなんか心が折れたから湯船にお湯はろう。
沈みます。。。。。

田村ゆかり
"
2018/02/16,2/16,"お弁当って、、冷凍できるかな？

田村ゆかり
"
2018/02/15,2/15,"肉の日終わってた(´；ω；`)ｳｯ…

田村ゆかり
"
2018/02/13,2/13-3,"いますごく、卯の花が食べたい。
でも作っても冷凍庫で眠るだけだから。永遠に。
料理は悲しくなるだけだからもうしないんだ。

田村ゆかり
"
2018/02/13,2/13-2,"催事コーナー通るの楽しい。
バレンタイン時期は普段売ってない期間限定品や輸入チョコがあるから、ついつい買ってしまうのですよ。
自分チョコだらけ。

でも私が求めてるのはこんなときめきではない。
何か間違ってる！
私まだ諦めたくない！(知人の名言)

※ 知人はみんなが知らない人で声優の方ではありませんので変な詮索で嘘を広めるのはおやめください。 

ときめきたいなぁ。はぁ。

田村ゆかり
"
2018/02/13,2/13,"なんか違和感あるなーと思ってたら、いつもつけてるピンキー忘れてた (´-ω-`) 
自分で買ったしょーもないやつだけど、ないと不安ね。
だから、朝乗ったタクシーぶつかりそうになったのかな？
夜おうちに帰るまで不安だよー。

田村ゆかり
"
2018/02/12,2/12-4,"ゆかりんの食生活、大学生男子みたいって言うな！



たぶん、大学生男子の方がちゃんとしてるゾ！

田村ゆかり（消えたい）
"
2018/02/12,2/12-3,"お弁当。
先入先出法。
なお、温めたりする気はさらさらない。
女子力ぅ！

田村ゆかり
"
2018/02/12,2/12-2,"窓開けてるのにずーっとタバコ臭いってことは、ずーっと吸ってるんだろうな。。
外から禁煙車ってわかるようにして欲しい (´-ω-`) 
吐血しそう(しないけど。。)

田村ゆかり
"
2018/02/12,2/12,"乗った車がタバコ臭くて息できない(´+ω+｀)
喉痛いのに。。
イガイガが増していく…。

田村ゆかり
"
2018/02/11,2/11-3,"ちょっとだけ、、ちょっとだけ、無音にしてソファにゴロンしよう。。
ちょっとだけだよ。
やらなきゃいけないこといっぱいあるもん。。

田村ゆかり
"
2018/02/11,2/11-2,"そしてリハスタにも大量の荷物を送りつけてるっていうね…。
置き場所あるかなー、、

田村ゆかり
"
2018/02/11,2/11,"荷物が大量すぎて途方にくれています…。
どーしよ一個ずつタクシーさんに運ぼうかしら…。
運転手さん、待っててくれるよね？

田村ゆかり
"
2018/02/09,2/9-2,"今日は・・・肉の日だったのですね・・・
お肉食べたいよお肉。
一緒に行く人がいないよ・・
その前に体調なんとかせねば。。

田村ゆかり
"
2018/02/09,2/9,"えっ。もしかしてオリンピック始まってる的な・・？
ニュースがオリンピックだらけ。

田村ゆかり
"
2018/02/09,2/9,"お家帰って来て、洗濯機開けたら洗濯物がぐしゃーってなっててた。悲しみ。
詰め込みすぎて乾燥がうまくいかなかったみたい。。
とりあえずしわしわのタオルを浴室乾燥に設置した。。
しわしわでパリパリなのは直んないけど、生乾きは解消するはず。。

夜中に送ってすみません。

田村ゆかり
"
2018/02/06,2/6-2,"入り時間勘違いして1時間早く来ちゃったけど
「準備できてますよ！」って録ってくれたよ。
優しすぎるやん。ありがたや…。
やっぱり私なんかダメだな。

田村ゆかり
"
2018/02/06,2/6,"カシスショコラがガスショコラに見えてしまった程度にはなんかやられてる。

今日も寒いよー。
全てのカイロを忘れてきちゃったから、震えてます。

雪降ってる所の方は暖かく過ごしてくださいね。

田村ゆかり
"
2018/02/03,2/3,"あー太巻き食べたかった…。
コンビニの太巻き美味しいかなぁ？
アメリカンドッグでもいいかなぁ？

田村ゆかり
"
2018/02/01,2/1,"んむー。
目の前でタクシーさんバンバン乗られてタクシー乗るのに20分もかかってしまった。。
手がかじかんで寒いよー。。
凍えてる。。

田村ゆかり
"
2018/01/31,1/31-4,"SE意外と多いな…嘘やろ……？
そしてPlusは少ない…。

田村ゆかり
"
2018/01/31,1/31-3,"みんなー！弾幕薄いよー！
どれ作るか迷ってるよー！

田村ゆかり
"
2018/01/31,1/31,"今から聞くことに特に意味はないんだけど！
特に意味はないんだけど！
携帯なに使ってる？

iPhone7/8
iPhoneX
Plus
Android

どれ使ってる？
ねえ、どれ使ってる？

この質問に意味はないんだからねっ？！
スマホケースとか作らないんだからね？！

田村ゆかり
"
2018/01/31,1/31,"あっ！タグつけ忘れてた！
携帯なに使ってるか教えろください！

iPhone7/8
iPhoneX
Plus
Android

#スマホケース作るよアンケート
でツイートしてください！

田村ゆかり
"
2018/01/30,1/30-3,"サックラー100万票か！！
参考にするわ！
あくまでも参考にやからな！
ゲヘヘヘヘ(ゲス顔)

番長
"
2018/01/30,1/30-2,"おうおうおうおう！ワイや！
みんなたちが定番をこよなく愛していることはわかった！！！
わかったんやけど参考にならへんかった！！

ええか？
もっかい聴くで？？？？

おまいらのスッキな餡子教えてくれやさかい！！

抹茶
いちご
さくら

このみっつや！

この中からスッキややつを一個選んでツイートしておくんなまし

#好きな餡子コンテスト

餃子だと思ったやつは喜んで庭をかけまわれ！

このタグをつけるのわすれるんやないでぇ！

番長
"
2018/01/30,1/30,"おう！わいや！
いまからみんなたちにアンケートとるぞ！
でもな！その結果は参考にするだけや！
軽い気持ちで答えてくれや！

スッキな餡子の味を3つ選んでツイートしろやでしかし！

1.こしあん
2.カスタード
3.抹茶
4.いちご
5.さくら

#人形焼きアンケート
のタグつけて呟いてくれですたいお願いします。

カスタードは餡子じゃねええええ！
って思ったヤーツは三回回ってワンな！！

田村ゆかり
"
2018/01/29,1/29,"私プリッツたべないですよー
って言ってたのにめっちゃ食べてるマン
久しぶりに食べた

田村ゆかり
"
2018/01/28,1/28-3,"プリプロ中に、メロを確認してる途中で一瞬落ち(寝)たのは私です…。
みんな気づいてなかったけど！

うーむ。とてもねむい。
毎日ねむい。

田村ゆかり
"
2018/01/28,1/28-2,"住所入力間違えてて全然違うとこに着いてしまった。。一階はなんやらの店舗です。ってとこに行きたいのにめっちゃ住宅街＼(^o^)／
薄着すぎて寒い
都心なのに雪溶けてないし！

田村ゆかり
"
2018/01/28,1/28,"昨日に続いて今日も充電セット持ってくるの忘れた。。
ケーブルないのにモバイルバッテリーだけあっても(´；ω；`)ｳｯ…
そして朝なのに眠たくてタクシーでウトウトするっていう。

田村ゆかり
"
2018/01/27,1/27-2,"やっぱモンハンは集まってワイワイやるのが好きだったんだよなぁ。
いつセーブされてるのかいまいちよくわかんないけど、キャラ作ってすぐやめた(´･ω･`)

もう、ずっとソファに転がってハンバーガー作ってる。
誰かハンバーガー作る系で楽しいゲーム教えろください。
すでに何種類もやってるけど、これだ！に出会えない。
バーガーバーガーみたいなのないんかな？

田村ゆかり
"
2018/01/27,1/27,"モンハンワールドのキャラメイク
ツインテの前髪がパッツンじゃないのは100歩譲るとしても、横の毛がないのが嫌だなぁ。
でも前髪パッツンちゃんはおかっぱ？だしなぁ。
ストーレトロングなんでなくなったんや…。
課金でもいいからパーツ売ってくれませんかねぇ？
|дﾟ)ﾁﾗｯ…

キャラメイクが終わらなくて永遠に船が着かないやーつ。

田村ゆかり
"
2018/01/26,1/26-2,"愛をどーこーいって
どーだっていいよと
冬のせいにしたい。

T.M.Ravolution
"
2018/01/26,1/26,"取材の後、マネージャーさんに「田村さん…ちょっと…」って背後に回られた。

ワンピースのファスナー半分までしか上がってなかった＼(^o^)／

後ろ、Vになってると思ってたんだよ…。
あああ。
今日もめちゃくちゃ寒いですね。
ここ数日ダサいダウンに頼り切ってます。
凍えそうです。

田村ゆかり
"
2018/01/25,1/25,"今日は寒いそうなのでみなさん気をつけてくださいね

田村ゆかり
"
2018/01/23,1/23,"新しいモンハンもう発売されてるのかな？って思ったらまだだった。

田村ゆかり
"
2018/01/22,1/22-2,"道路の標識？に雪が積もってて標識見えないのすごくない？
てか、私、このあとスタジオ向かうことできるの？
そのあと帰宅することできるの？
最悪歩いて帰るつもりではいるけど…。

田村ゆかり
"
2018/01/22,1/22,"あー。雨降ってた。
傘持ってきてないや。
昨日散々通知来てたのにね。
なんでこうなんだろう私。
スタジオの隣にコンビニあるといいなぁ。
地図見たかぎりだとどこにもコンビニなさそうだけど。

田村ゆかり
"
2018/01/21,1/21,"明日雪降るの？
え？

田村ゆかり
"
2018/01/20,1/20,"気づいたらもう20日。。
気持ちばっかり焦るなぁ。

田村ゆかり
"
2018/01/18,1/18,"久しぶりにヒールのある靴履いたら歩きにくくて産まれたてみたいになってる。
ヒールとかお洒落なの撮影の時にはかされるくらいで普段は家内もんなぁ。
今履いてるのは全くお洒落じゃないけど (´-ω-`) 
私センスない。
お洒落したくなるモードになりたい。
そんなモード永遠に来ない気がする。

田村ゆかり
"
2018/01/17,1/17,"なんか眠れなかったねむい
いつも憂鬱だけど今日はいつもより憂鬱だわ
田村ゆかり
"
2018/01/15,1/15,"私のおうどんどうしてこんなにぐちゃぐちゃなんだろう・・。
生活能力低すぎて本気でつらい。。。
そもそも、おうどんすら作れない上に、温めるだけのこれも出来ないなんて
"
2018/01/14,1/14,"具合悪い時にしか食べたくならないおうどん。
なんだかおうどんが食べたくて、コンビ二で冷凍のおうどん買いました。
「アルミのやつですね！美味しいですよ」って色んな人に言われたけど、人生で初めて買いました…。

ていうか作り方わかんない。。
レンジじゃないことだけは教えてもらった。
上手く温められる自信がない。どうしよう。

田村ゆかり
"
2018/01/13,1/13,"やっと病院来れた。
もう熱ないと思いますけどっていいつつ念のために測ったら普通に熱あってびっくりしてる。

そうか。
だからだるいのか。。
お肉食べたいなぁ。

ちなみに歯医者さんは未だ行けてません (´-ω-`) 
虫歯になってませんように。。

田村ゆかり
"
2018/01/11,1/11,"むしゃくしゃして前髪にてきとーに刃を入れたら、がったがたでめっちゃ短くなった
でも別に誰に見せるわけでもないし撮影とかも全くないから別にいいやってなってる
つまりどうでもいい

田村ゆかり
"
2018/01/10,1/10,"昨日の暖かさはなんだったんだってくらい寒い…。
とか言ってるけど、私、実は昨日も寒いと思ってた…。

田村ゆかり
"
2018/01/09,1/9-4,"晩ご飯はクノールのスープパスタです。
あたたｋ

田村ゆかり
"
2018/01/09,1/9-3,"あ、さっきの鳩はお富さん？のフレーズで読んでください

田村ゆかり
"
2018/01/09,1/9-2,"熱があったよパトラッシュ。

田村ゆかり
"
2018/01/09,1/9,"なんだか、ただただひたすら眠たい… (´-ω-`) 

田村ゆかり
"
2018/01/08,1/8,"傘もってきたのに、たいして降ってなかったなど…。

田村ゆかり
"
2018/01/07,1/7,"シュレッダーをかけただけで掃除をした気になっているのは誰だーっ！
私だぁー！

このゴミ屋敷ほんとどうにかならんかね。。

田村ゆかり
"
2018/01/06,1/6,"蟹味噌が食べれる私マジ大人。
女子力高ずぎるうぇうぇww
ミッソミソミー！

たみそゆかに
"
2018/01/04,1/4,"手が乾燥しすぎてて爪がみすぼらしい(´･ω･`)
もうやだこんなの。。
でも割と諦めてる。色々。

田村ゆかり
"
2018/01/03,1/3,"初詣、いつ行こうかな (´-ω-`) 
とりあえず、お腹が痛い。。

田村ゆかり
"
2018/01/02,1/2,"納豆ご飯うまし。

田村ゆかり
"
2018/01/01,1/1-2," (*ﾟﾛﾟ)ﾊｯ!! 
今年はコマさん年なのでは…？！

田村ずらり
"
2018/01/01,1/1,"あけましたー！
みんなたちが楽しい1年をすごせますように！

定型文苦手！
かしこ！

田村ゆかり
"
2017/12/31,12/31-3,"滝藤賢一さんって誰。。
ググったら同い年だったけど…。

田村ゆかり
"
2017/12/31,12/31-2,"笑ってはいけないってやつ見てるけど、出てくる役者さんがちっともわからない＼(^o^)／ｵﾜﾀ
袴田くんはわかった(名前は知ってたレベル)
真剣にやる小芝居すき。

田村ゆかり
"
2017/12/31,12/31,"喉がもんげーいたい(´；ω；｀)ﾌﾞﾜｯ

田村ゆかり
"
2017/12/30,12/30,"朝から大判焼き食べた。
白いあんこが好きだよー。

田村ゆかり
"
2017/12/28,12/28-4,"MA-1と、うさ耳パーカーと、ネコ耳パーカーどれが欲しい？

#教えてゆかりん
のタグで答えてくださ…以下略

田村ゆかり
"
2017/12/28,12/28-3,"MA-1ってジャケット？なのね？
それってイケてるの？
みんなもってんの？

#教えてゆかりん
のタグで答えろください

田村ゆかり
"
2017/12/28,12/28-2,"ねえMA-1ってなに…？
熱出た時に飲むやつの仲間ではないよね？

#教えてゆかりん
のタグで教えてください。。
大喜利じゃないです。。本気でわかんにゃ。。

田村ゆかり
"
2017/12/28,12/28,"風邪ひいたでんねん。

田村ゆかり
"
2017/12/27,12/27,"凍えるほど寒くないですか？
ねえ、凍えますよね？

田村ゆかり
"
2017/12/26,12/26,"パトラッシュ僕もう疲れたよ。。
なんだか本当に疲れたよ。

田村ゆかり
"
2017/12/24,12/24-3,"いやぁ！cmだわー

田村ゆかり
"
2017/12/24,12/24-2,"生配信慌ただしいわー

田村ゆかり
"
2017/12/24,12/24,"べろん苦しいます
ます
ます

田村ゆかります
"
2017/12/23,12/23-2,"ねえきいて？
虚ろな目でスーパーを一周して何も買わずに外に出たらどーしてもケンタかタコ焼きが食べたくなって、でもケンタとか何だか幸せ臭がぷんぷんだから閑散としてるタコ焼き屋さんでテイクアウトしたんだ。
誰にも合う予定ないのに青海苔は抜いてもらったんだ。。
トイレットペーパーが切れてるけど通販しても受け取れないからコンビニで取り急ぎ買ったら、何故か一緒に納豆巻きも買ってたんだ。
炭水化物と炭水化物だよ。。
あと普通にこんなに食べられないよ…。
せっかく少し体重減ったのに、もう別に痩せる必要もないなどうでもいいやと思って吐きそうになりながら食べたんだ。
こんなにお腹いっぱいになったの久しぶりだよ。。なんだろう？すごく悲しいんだ。
パトラッシュぼくもう
"
2017/12/23,12/23,"くっっっ！！！！
今日は休ブリトーだ！休アメドだッッ！
と意気込んでスーパーのお惣菜売り場に立ち寄ったらカップルがキャッキャうふふとオードブル的ななにかを物色してたからここはダメだあああ！アヒィィィー！！と猛ダッシュで逃げてせめてせめておおお赤飯でも！！と思って手に取った物体がお赤飯ではなく黒米入りご飯だった時の絶望感がうぬらにわかるかッッ？！！
なんじゃあああー！なんでお赤飯売り切れなんじゃああ！しあわせいっぱい夢と希望と未来に満ち満ちてる者共は小洒落た洋風なものでキャッキャうふふと幸せを満喫しろぃ！！！
和に立ち入ってくるでないッッ！！！

はぁ。
ほんとはこんなにテンション高くないのにテンション高いふりしてから元気振りまくのつら。

さようなら

田村ゆかり
"
2017/12/22,12/22-2,"私の晩御飯1週間のうち6日くらいアメリカンドッグかブリトーだわ。
コンビニありがとうありがとうコンビニ
なんで今日はチーズケーキ置いてなかったの？ねえ？なんで？なんでクリスマス用のケーキ置いちゃったの？ねえなんで？ねえねえねえねえ？
今日は悲しいからチーズケーキ買おうと思ったのに何でそれすら許してくれなかったの？ねえ？
ねえ？

田村ゆかり
"
2017/12/22,12/22,"コンビニ入ったら、なんかもうクリスマスのちっさいロールケーキとかよくわかんないお洒落なチーズとかなんかとにかくよくわかんないクリスマスのなんらかがたくさんあって、うああああっわあだｄさああああああああ！！！！！！！！！！！！ってなりそうになった、
ていうか、なった！！！！！今もダメージうけてる！！！！
クリスマスとかなくなれえええあっさあｗっさえうぇっうぇえええ！！！！
いや、クリスマスはあっていいけど恋人とかなんなんうぇぇえええぇｗｗｗ

はー。
出逢いが欲しい。

田村ゆかり
"
2017/12/20,12/20-4,"急いでず持ったから、あちちってなってしたがヒリヒリする。。
そしてちょっと鼻から汁が出てる。
多分出てる。
コートの前もとめずに
気にしないで競歩した。

田村ゆかり
"
2017/12/20,12/20-3,"うぬぬ。
そろそろお店でないと間に合わぬ(´；ω；`)ｳｯ…

田村ゆかり
"
2017/12/20,12/20-2,"パスタ来た。。
まにあうかな？
吸えるかな？

田村ゆかり
"
2017/12/20,12/20,"朝の現場終わるのギリギリだったからゆっくりご飯食べる時間がないよお。
とりあえず次のスタジオの近くでチェーンのパスタ屋さんに入ったけど…。
食べる時間あるかな？
ずももももーーーーって吸えばいけるかな？
お腹空いたよぅ。。
iPhone8便利だよぉ。
ほとんどこっち触ってる。サブ機なのに！

田村ゆかり
"
2017/12/19,12/19,"落ち込んでてもお腹が空くからまだ大丈夫。
というかもう麻痺してるのかも。
というわけで、お肉食べます。
ひとりだけど。

田村ゆかり
"
2017/12/19,12/19,"あ、今日が29日だったらちょうどよかったのに、19日だから肉の日にならないのかぁ。
残念無念。

田村ゆかり
"
2017/12/18,12/18,"また今日もレタスとキャベツを間違えた。
メイクさんに、ちょードヤったのに。。

田村ゆかり
"
2017/12/16,12/16-2,"もんげー文字化けしてるズラ？

たもんげらゆかり
"
2017/12/16,12/16,"朝からもんげー肩がもんげるかと思ったズラよ。

  ∧？ ？∧  
(？？ ？ ？？) もんげー
"
2017/12/15,12/15,"あれ？
もしかして雪？

さむさむさむ

田村ゆかり
"
2017/12/13,12/13,"くわいくわいくわいーくわいーをーたべーるよー。
くわいってなんや！

田村ゆかり
"
2017/12/12,12/12-4,"ちょっとみんなたち弾幕薄いよー！

マッチ売りのゆかりん
"
2017/12/12,12/12-3,"ねえねえ、ぼっちのキミはどんなクリスマスパーティーやりたい？
このマッチを擦って、キミの思い描くクリスマスパーティーを教えてよ！

#願望クリスマスおかしいな涙で画面が見えない

このタグでツイートおなしゃーす！

マッチ売りのゆかりん
"
2017/12/12,12/12-2,"みんながスッキなファミリーコンピュータのゲィム教えろください。

#ファミスキ
このタグでお願いしまーす

田村ゆかり
"
2017/12/12,12/12,"朝来てた服があまりにも寒くて一回お家帰って少しだけ生地が厚めの服に着替えて来た (●´？`●) 

オブラートからトレーシングペーパー位まではランクアップしたぞ！

田村ゆかり
"
2017/12/11,12/11-6,"じゃあみんなクリスマスなにしたい？

#妄想クリスマス
のタグつけて教えろください。

田村ゆかり
"
2017/12/11,12/11-5,"みんなクリスマスなにするの？

#ぼっちクリスマス
のタグつけて教えろください。

田村ゆかり
"
2017/12/11,12/11-4,"照り焼きバーガー味はマヨネーズの味。
食パンにマヨネーズ塗って焼いたミラクルパンの味。

田村ゆかり
"
2017/12/11,12/11-3,"うまい棒うまい。
チーズもコンポタもなかったからカレー？を食べた。
それなりにうまいうまいうまいうまい棒うまい。

田村ゆかり
"
2017/12/11,12/11-2,"怒られたら嫌だから働いてるアピールしてみた… (´-ω-`) 

田村ゆかり
"
2017/12/11,12/11,"ファミコンミニ？ミニファミコン？っての触ってみたけどコントローラーめっちゃ小さいのね！
手が攣るかと思った (´-ω-`) 
あ、ちゃんと働いてます。
ファミコンは全く関係ないけど。

田村ゆかり
"
2017/12/10,12/10-2,"ハンバーガーみつけたけど、また照り焼きだった(´+ω+｀)
チーズバーガーはどこへ消えたか

田村ゆかり
"
2017/12/10,12/10,"お腹すいたマン。
今日もコンビニさんにハンバーガーあるかなぁ？
うちの近所にはないから寄り道して探そうかな？

田村ゆかり
"
2017/12/09,12/9,"やっと仕事おわたよー！
スタジオの近くのコンビニに、紙に包まれたパンコーナーに置いてあるバーガーがあったよー！
今日の晩ご飯はこれで決まりじゃ！
照り焼き味だったけど・・。

それはそうと口内炎出来てる。。複数出来てる。

田村ゆかり
"
2017/12/08,12/8-7,"焼き網で炎を操るおじさんだよ
大人の炎だよ
夜の炎だよ

ほかほかおじさん
"
2017/12/08,12/8-6,"おじさんが焼こうと思ったお肉が
すでに
焼かれていたから自分の分だけ焼くよ

おじさん心の俳句
"
2017/12/08,12/8-5,"おじさんは
ギャルが好きだよ
ヤングヤングヤーング！

おじさん心の俳句
"
2017/12/08,12/8-4,"ギャルのパンティ降ってこないかな

おじさん
"
2017/12/08,12/8-3,"おじさんお肉焼くの意外とうまい
今日はおじさんがお肉焼いちゃうよーん

おじさん
"
2017/12/08,12/8-2,"なんかわからんけど、一人称がおじさんになってる。。。

おじさん
"
2017/12/08,12/8,"なんかわかんないけど、街に人が溢れてるよー！
なんで？
こんなに寒いのに！
雨なのに！

田村ゆかり
"
2017/12/07,12/7,"ねえねえ、昔コンビニに売ってたパンコーナーに置いてある紙に包まれたハンバーガーって今はもうどこにもないの？
お外寒いよ。マッチ擦ったら出てくるかな？
やっと仕事終わったよ(´+ω+｀)

田村ゆかり
"
2017/12/06,12/6-2,"当たり前だけど、ジンジャーエールはそのまま飲んだ。
グラス？出すのめんどくさいよね。
誰が見てるわけでもないし。
そして引っ越ししたい。
部屋が汚すぎてもう嫌。

田村ゆかり
"
2017/12/06,12/6,"ジンジャーエールが飲みたくて冷蔵庫から出したら栓抜きタイプだったよ。
そこはたいして問題ではないんだけど、スーパーで買ってきたお赤飯と甘エビの唐揚げとジンジャーエールって、なんかなんかなんかアレよね。
うん。アレだわ。
なんというか、女子力高いわ。うん。高い。絶対高い。

田村ゆかり
"
2017/12/05,12/5-3,"ラインはいつから誤爆を消せるようになるの？
ねえ！ねえねえ！
なんで私はてらしーにアビスパの話ししてるの？
明太子ふくやで買って送ろうか？とか言ってるの？
ねえ？うーーーわわわ！！あああ！

田村ゆかり
"
2017/12/05,12/5-2,"てらしーの携帯いますぐ水没しないかな…|ω・`）チラ

田村ゆかり
"
2017/12/05,12/5,"お母さんとマネージャーさん間違えてライン送ってたヨーーーーー！！
しかもめっちゃ送りつけてたよーーーー！！
今まで気づいてなかったよー！！！
誤爆早く消せるようになって！
うああああああーーーーーー！！！
なんでこうなったああああ！！！
てらしーごめんんんんんん！！
ああああああっっ！ッ

田村ゆかり
"
2017/12/04,12/4,"今日もグッズの撮影ですよ、
ねむい

田村ゆかり
"
2017/12/03,12/3,"ホテル戻ってきて着替えもせずにゴロンしてる。
動きたくないなぁ。

田村ゆかり
"
2017/12/02,12/2,"ねむい…。
遊びに行きたい…。
友達数人しかいないけど…。

田村ゆかり
"
2017/12/01,12/1-3,"電車の中で寝ちゃって、降りる駅通り過ぎてた(´・ω・｀)
早めに移動してたから間に合うけど、どうやってリカバリーしたらいいかよくわかんない。あーん。。
乗り場よくわかんないー。。

田村ゆかり
"
2017/12/01,12/1-2,"寄れた！
パンも買えた！
しかも走らず済んだ！
働いて来ます。。
今日も1日が長い。

田村ゆかり
"
2017/12/01,12/1,"スタジオ着くのギリギリすぎてお水買う時間がにゃい。。
コンビニ寄れるかにゃー。
寄りたいにゃー。。

田村ゆかり
"
2017/11/30,11/30-4,"アメリカンドッグがなかったので揚げてもらった。
「アメリカンドッグツクッタヨ」って店員さんに言われてほっこりした。

あとコンビニのチーズスフレが美味しかった。
つまりはコンビニありがとう。
とてもお腹が空いてたからめっちゃ食べちゃったよ。。
もう一仕事がんばるぞいー (●´？`●) 

田村ゆかり
"
2017/11/30,11/30-2,"パンケーキ？なんてお洒落な食べ物は私の人生では永久に接点がないんだろう。
私も「今日は友達とランチなの(はーと)」なんて断りを入れて、友達とかいう存在と他愛もない会話を楽しむ優雅な時間を過ごしてみたかった。

私にはスーパーで買った昭和の頃からあるアソートから細長いビスケットにチョコが埋め込まれてるお菓子をセコセコ探してひとりで３つとも食べるくらいの人生しか訪れないのだ。

田村ゆかり
"
2017/11/30,11/30,"んー、、体が重たい…。
甘いものが食べたい。
普段絶対食べないパンケーキ？とか食べたい。
インスタ女子？が食べる？写真撮る？ためだけに存在してるやーつが食べたい。

田村ゆかり
"
2017/11/30,11/30,"＿人人人人人人人人人人人＿
＞ ブルボン最高！！！！ ＜
￣^Y^Y^Y^Y^Y^Y^YY^Y^Y^￣
"
2017/11/29,11/29,"いい肉の日なのにひとりで中華のお弁当食べてる。
このまま永遠にひとりなのかなぁ。

田村ゆかり
"
2017/11/27,11/27-5,"自慢自慢自慢自慢自慢自慢自慢自慢自慢自慢自慢自慢自慢自慢自慢自慢自慢自慢自慢自慢自慢自慢自慢自慢自慢自慢自慢自慢自慢自慢自慢自慢自慢自慢自慢自慢自慢自慢自慢自慢自慢自慢自慢自慢自慢自慢自慢自慢自慢自慢自慢自慢自慢自慢自慢自慢自慢自慢自慢自慢自慢自慢自慢自慢自慢自慢自慢自慢自慢自慢自慢自爆自慢自慢自慢自慢自慢自慢自慢自慢自慢自慢自慢自慢自慢自慢自慢自慢自慢自慢自慢自慢自慢自慢自慢自慢自慢自慢自慢自慢自慢自慢自慢自慢自慢自慢自慢自慢
"
2017/11/27,11/27-4,"騙す騙す騙す騙す騙す騙す騙す騙す騙す騙す騙す騙す騙す騙す騙す騙す騙す騙す騙す騙す騙す騙す騙す騙す騙す騙す騙す騙す騙す騙す騙す騙す騙す騙す騙す騙す騙す騙す騙す騙す騙す騙す騙す騙す騙す騙す騙す騙す騙す騙す騙す騙す騙す騙す騙す騙す騙す騙す騙す騙す騙す騙す騙す騙す騙す騙す騙す騙す騙す騙す騙す騙す騙す騙す騙す騙す騙す騙す騙す騙す騙す騙す騙す騙す騙す騙す騙す騙す騙す騙す騙す騙す騙す騙す騙す騙す騙す騙す騙す編す騙す騙す騙す騙す騙す騙す騙す騙す騙す騙す騙す騙す騙す騙す騙す騙す騙す騙す騙す騙す騙す騙す騙す騙す騙す騙す騙す騙す騙す騙す
"
2017/11/27,11/27-3,"嘘嘘嘘嘘嘘嘘嘘嘘嘘嘘嘘嘘嘘嘘嘘嘘嘘嘘嘘嘘嘘嘘嘘嘘嘘嘘嘘嘘嘘嘘嘘嘘嘘嘘嘘嘘嘘嘘嘘嘘嘘嘘嘘嘘嘘嘘嘘嘘嘘嘘嘘嘘嘘嘘嘘嘘嘘嘘嘘嘘嘘嘘嘘嘘嘘嘘嘘嘘嘘嘘嘘嘘嘘嘘嘘嘘嘘嘘嘘嘘嘘嘘嘘嘘嘘嘘虚嘘嘘嘘嘘嘘嘘嘘嘘嘘嘘嘘嘘嘘嘘嘘嘘嘘嘘嘘嘘嘘嘘嘘嘘嘘嘘嘘嘘嘘嘘嘘嘘嘘嘘嘘嘘嘘嘘嘘嘘嘘嘘嘘嘘嘘嘘嘘嘘嘘嘘嘘嘘嘘嘘嘘嘘嘘嘘嘘嘘嘘嘘嘘嘘嘘嘘嘘嘘嘘嘘嘘嘘嘘嘘嘘嘘嘘嘘嘘嘘嘘嘘嘘嘘嘘嘘嘘嘘嘘嘘嘘嘘嘘嘘嘘嘘嘘嘘嘘嘘嘘嘘嘘嘘嘘嘘嘘嘘嘘嘘嘘嘘嘘嘘嘘嘘嘘嘘嘘嘘嘘
"
2017/11/27,11/27-2,"いらいらいらいらいらいらいらいらいらいらいらいらいらいらいらいらいらいらいらいらいらいらいらいらいらいらいらいらいらいらいらいらいらいらいらいらいらいらいらいらいらいらいらいらいらいらいらいらいらいらいらいらいらいらいらいらいらいらいらいらいらいらいらいらいらいらいらいらいらいらいらいらいらいら

田村ゆかり
"
2017/11/27,11/27,"最中最中最中最中最中最中最中最中最中最中最中最中最中最中最中最中最中最中最中最中最中最中最中最中最中最中最中最中最中最中最中最中最中最中最中最中最中最中最中最中最中最中最中最中最中最中最中最中最中最中最中最中最中最中最中罠中最中最中最中最中最中最中最中最中最中最中最中最中最中最中最中最中最中最中最中最中最中最中最中最中最中最中最中最中最中最中最中最中最中最中最中最中最中最中最中最中最中最中最中最中最中最中最中最中最中最中最中最中最中最中最中最中最中最中最中最中最中最中最中最中

田村ゆかり
"
2017/11/26,11/26,"グレープフルーツのプチプチ感。

田村ゆかり
"
2017/11/24,11/24,"いい西の日！
いい酉の日！
どーっちだ？

田村ゆかり
"
2017/11/22,11/22,"またiPhoneの保護シート割れてわろてる。
週替わりコンテンツなのかな？
ってくらい割れるよね。
うふふ。あはは！ふぅーははは！

田村ゆかり
"
2017/11/21,11/21,"ピザ取ろうと思ってたけどお腹がいっぱいです。。。
びたーん！ってしたピザの方がいいよね？ね？
びたーん！びたーん！！

田村ゆかり
"
2017/11/20,11/20,"肩こり凄くて吐きそうだから、ぐりぐり買ってきてもらった。
手放せないよー。
ぐりぐりぐり。
これでもう机の角でぐりぐりしなくてすむぅ！

田村ゆかり
"
2017/11/19,11/19,"お腹いっぱいのはずなのにお腹すいてくる不思議。
暇がそうさせてるのだろうな。。
暇だな。ああ、暇だ。

田村ゆかり
"
2017/11/18,11/18,"今朝ついに暖房入れたよ。
寒いよね。
冬だね。
焼き鳥とか食べたいね。
年中ね。

田村ゆかり
"
2017/11/17,11/17,"うーんうーん。
台本重たくて歩くたびに体力ゲージが減ってるんだけど、半端に時間が空いてウロウロしてたら、いつのまにかお赤飯を手にしていたよ？
え？なんで？
私この後も収録あるんだけど…。
なんでお赤飯持参でスタジオ向かってるの？
そして鞄が200g重たくなったよ？なんで？
なんでなん？え？

田村ゆかり
"
2017/11/16,11/16,"ねえ聞いて。
ご飯食べる時間がないからマック寄ろうと思って「赤坂 マック」で検索したらおじさんがいっぱい出てきて、『あー。ね！』ってなったよ。
そしてマックも混んでたから諦めたよ。
お腹すいたにゃー。
再び働いてきます(´+ω+｀)

田村ゆかり
"
2017/11/15,11/15," うーんうーん。
腰が痛い‥気のせいだと思うけど。
うーんうーん。
心なしか関節も痛いような‥うーん。

田村ゆかり
"
2017/11/14,11/14-3,"この伝書は17:10に鳩山さんに託しました。
何分に届くのかなー？

次のハッシュタグはこちら
#ワトソングランプリ

田村ゆかり(未だワトワンに辱められ中)
"
2017/11/14,11/14-2,"あっれ、私もしかして誤字りました？
こんな大事な時に‥。。

鳩山さんにめっちゃ突かれました。痛い。。
デコから血が出ちゃうゥゥ。。。

高速鳩テスト(再)ですォォ。
届いたら

#ハートキャッチ鳩山

でつぶやいてみてくださいな。

田村ゆかり(デコから出血中)
"
2017/11/14,11/14,"高速鳩のテスト中だおォォ。
みんなたち届いたら、

#ワトワングランプリ

のハッシュタグでつぶやいてみておくんなまし。

田村ゆかり(鳩山秘書)
"
2017/11/13,11/13,"カシスウーロン、ウーロンの味しない。

田村ゆかり
"
2017/11/11,11/11,"わんわんわんわんー！
わーん！
わーん。。

田村ゆかり
"
2017/11/09,11/9,"ねむたいよー。
まだ働いてるよー。
ねむたいよー。
この時間に仕事っていうと過度な期待されるからめんどくさいから邪推されないように先に言うけど普通に収録だよー。
ああ、別に特殊な作品とかでもないよー。
じゃあなにかい？いつもやってる作品は特別じゃないんですかー？とかキレられるのもめんどくさいよー。
推察マンめんどくさいよー(´+ω+｀)
だから何にも話したくなくなるんだよー。
ぽいずーん！

田村ゆかり
"
2017/11/08,11/8,"ふふふ。傘をしれっとスタジオに置いてくることに成功したぞ！

田村ゆかり
"
2017/11/08,11/7,"くまのこみていたかくれんばー…

田村ゆかり
"
2017/11/06,11/6,"東京帰ってきました！
明太買って来たから明太ご飯食べたかったけど、白米を調達するのが面倒くさかったので、墓ｂ…冷凍庫に避難させておいたチーズバーガーを食べようと思います。
冷凍庫って凄いなぁ！便利だなぁ！

田村ゆかり
"
2017/11/05,11/5-2,"巨峰のスカートで巨峰酒を飲んでる私＼(^o^)／
福岡は楽しいなぁ。

田村ゆかり

"
2017/11/05,11/5,"フルーツビアとやらを一口飲ませてもらったら飲めた。
前に飲んだやつは飲めなかったんだけど。

田村ゆかり
"
2017/11/05,11/4-4,"もう、ずっと、ハードルの人みたいな足してる。。。

からの、胡座かいてる。
てらしーと胡座かいてる。
女子力ゥゥゥー！

田村ゆかり(♀)
"
2017/11/05,11/4-3,"ゆ”がり”ィ”ィ”ぃ”ん”ん'
づらいよ”おお”

はやぐ脱出してよぉぉおあーーー！

白骨民
"
2017/11/04,11/4-2,"いまね。
座敷にいるんですよ。
掘りごたつかと思ったら違ったんですよ。
ひざ、つら。
こし、つら。
つらつらつらつらつら。

そうか、これが升席なのか…。
なんかごめん。

ます…ます…。
うッ…頭がッッ…。

田村ゆかり
"
2017/11/04,11/4,"満月なのかなー？
めっちゃ綺麗！

田村ゆかり
"
2017/11/03,11/3,"晴れてるゥゥゥ！
むしろなんか暑ゥい。
今日は文化の日ですよね？

田村ゆかり
"
2017/11/02,11/2,"今日の晩ご飯は・・・・
ちーかまです。
おっすおっす！

田村ゆかり
"
2017/11/01,11/1,"最近はマネージャーちゃんへのラインの語尾に「ゥゥー！」ってつけるのがブームです。

女子力ゥゥー！
こんな感じですゥゥーー！！

無駄にテンションゥゥー！

田村ゆゥゥーーー！
"
2017/10/31,10/31,"今日もソファーで寝落ちてたよう。
女子力女子力ぅー！

田村ゆかり
"
2017/10/30,10/30,"ミョウガ美味しい。
日本人やなぁ。

田村ゆかり
"
2017/10/29,10/29,"お肉食べてる。
おにく。
たべほ。ほほほ。
あとフワフワしてる不破わー。

田村ゆかり
"
2017/10/28,10/28,"お部屋寒い。
まだ10月のはずなのに…。

田村ゆかり
"
2017/10/27,10/27,"葡萄ジュースおいし。
ジュースだよ。
ワインじゃないよジューちゅだよ♪

田村ゆかり
"
2017/10/26,10/26,"差し入れにハロウィン仕様のドーナツ買ったのに、ゆかりが食べたいのはノーマルのやーつです。
冒険しないしない秋。

田村ゆかり

"
2017/10/24,10/24,"「やきにく」って打ったら「ＧＲＩＬＬＥＤ　ＭＥＡＴ」って変換されてジワジワきてます。
ＡＴＯＫ先生有能すぎるでしょ。
でも、速攻打ち直したよ？

田村ゆかり
"
2017/10/23,10/23,"秋だにゃー。
カボチャとか栗とか食べたいにゃ。
あとお芋とか。

田村ゆかり
"
2017/10/21,10/21,"今日も、人形焼きをむしゃむしゃ食べてます。食べてます。

田村ゆかり
"
2017/10/20,10/20-3,"まずはッッッ！！！
チョオコヲゥヲヲヲォォォォッッッ！！！
ソレカラァアァッッッ！！！
カァッッスタドォォヲゥァオォダアアアアァッッッ！！！

田村ゆかり
"
2017/10/20,10/20-2,"昨日の夜買っておいたサラダを食べようと冷蔵庫を開けたんだけど、ローストビーフ?が入っていたので、流石の私もちょっと怯んだ・・。
15分ほど脳内会議を開催した結果、明日イベントだから食べちゃダメかも・・って思って諦めました。
食べられるものが賞味期限がもうすぐ切れる人形焼きしかないから、それ食べて寝るよ・・。寝るよ・・。
みんな達の人形焼きもそろそろ賞味期限切れるよ！気をつけて！

田村ゆかり
"
2017/10/20,10/20,"コート着て来たらめっちゃ暑いんですけどこれは。。
カーディガンの時点で暑いんですけどこれは。。
傘持って来てるのに雨g

田村ゆかりで
"
2017/10/19,10/19,"ウェットなマスクをしようとカバンから出したら、ウェット部分が落下してただの白いロビンマスクみたいになってしまったから諦めた (´-ω-`) 
雨降り出し湿度高いから大丈夫だよね？
うん。大丈夫だよ。きっと。

田村ゆかり
"
2017/10/18,10/18-2,"睡眠足りなさすぎてめっちゃ眠いのに、どこでもウトウトするくらい眠かったのに、家に帰ってきたら全く眠たくないっていう現象に名前をつけてほしい。
でも、この鳩は一方通行だからつけてもらっても私には届かない。とどかないのである。

田村ゆかり
"
2017/10/18,10/18,"昨日のお昼にマネージャーさんからもらったお化けのパンをたべています。
普段はしょっぱいパンを選ぶけどたまに甘いパン食べたくなるのだよね。
三食クリームパンうまし。
しかし眠たい。。
これ食べたらますます眠たくなるのではなかろうか。
でもお腹なるとノイズがあぁ。。


田村ゆかり
"
2017/10/17,10/17,"上着以外全く違うものを着てるのに、印象が昨日とほぼ一緒。
あと今日も傘がない＼(^o^)／ｵﾜﾀ
心に余裕がない模様。
空模様ゆかり模様。

田村ゆかり
"
2017/10/16,10/16,"ちょっと本気で何着たらいいかわからなくて、寒さを恐れるあまりに、雪だるまみたいになってる :;(∩´?`∩);: 
私だけ冬からやってきた雪の大使。
月見団子食べたい。

田村ゆかり
"
2017/10/15,10/15,"めっちゃ雨降ってるやん。。
傘持ってきてないやん？
なんでいつも逆張りなん？

田村ゆかり
"
2017/10/14,10/14,"外さっむい！
もうコート着ていいかな？かな？

田村ゆかり
"
2017/10/13,10/13,"あたたかいお茶がしみますなぁ。
ほっとしますなぁ。
HOTだけに。

田村ゆかり
"
2017/10/12,10/12,"CMCP飲むと何故か笑われるのしょんぼり。
苦いからちょっと苦手だけど。
福岡だいしゅき！


田村ゆかり
"
2017/10/12,10/11,"玄関に段ボールがどんどん増えていく。
片付けても片付けても増えていく。
おかしいな。あはははは！
うふふふふふ。

田村ゆかり
"
2017/10/10,10/10,"煮卵おにぎりって美味しいけど完全に分離型だよね。
味がついたライスと味がついた卵だよね。

田村ゆかり
"
2017/10/09,10/9,"うーんうーん。
お酒飲みたいなー。
あんまり飲めないけど飲みたいなー。
飲まないけど飲みたいなー。
今は飲んじゃダメだけど飲みたいなー。
早くお酒飲みたいなー。
いつ飲めるようになるかなー。
飲みたいなー。

田村ゆかり
"
2017/10/08,10/8,"今更だけど月見団子食べたいよー。
串に刺さってるのじゃなくて、三角に積んであるやつ食べたいよー。

田村ゆかり
"
2017/10/08,10/7-2,".:*:`☆ﾕｶﾘｾﾞﾝﾀｲ((((ヽ(*ﾟω ﾟ*)ノｾﾞｯﾀｲﾊﾞﾘｱ))))☆:

闇夜に濡れた片翼の堕天使
"
2017/10/07,10/7,"雨が降るとはなんだったのだろう・・。

朝、傘持って出かけたけど、いったん家に起きに帰った私優秀だったやん？
どうしても邪魔だからねー。傘。
早くバリア張れるようになればいいのにな。

田村ゆかり
"
2017/10/06,10/6,"マクドナルドをマクナルって言うのほんの少しだけ気に入ってる。
しかも頭高で言いたい。

田村ゆかり
"
2017/10/05,10/5,"今日は十六夜！
おだんご食べたいにゃ。

田村ゆかり
"
2017/10/04,10/4,"今朝も前髪を切ったので、顔が毛まみれだと思います。
気づいたら教えろください (●´?`●) 

田村ゆかり
"
2017/10/04,10/3,"鳩を送ろうと思ってたのに気づいたらジバニャンの画像を検索してたんだ。
な、何を言っているのかわからn…

田村ゆかり
"
2017/09/30,9/30,"日焼けしたかなー？
早く衣替えしなきゃ

田村ゆかり
"
2017/09/29,9/29,"あ、、今日は肉の日…。

田村ゆかり
"
2017/09/29,9/28,"お腹いっぱいだけど、何が食べたいかと聞かれたらとんこつラーメンと答えてしまいそうです。
もちろん今すぐ食べたりはしないけど。
そのうち食べたいなー。

田村ゆかり
"
2017/09/27,9/27,"所用が長引いて出発と到着が遅れるマン。。
マネージャーさんが地元の美味しいお店で買って来てくれたパンを車内で食べてます。

おしゃれなパンがいっぱいあったのにカレーパンを選ぶ私の安定感。
ちなみにカレーパンは好きだけどカレーは苦手です。
なんでだろ？お米よりパンツだから？

パンパカゆかり。
"
2017/09/26,9/26-3,"あー。おんなじ内容の鳩何通も送ってごめんちゃい。。
配信履歴確認したら見配信だったから「？」と思って何度も送っちゃいました (●´?`●) 

時間差あるから待機列での「鳩が来て
みんな同時に スマホ見る(王国民心の俳句)」あるあるも出来ないしね(´+ω+｀)

田村ゆかり
"
2017/09/26,9/26-2,"用事終わって横浜向かっておるよ。
思わぬところでエンゼルパイもろた。
うれし。

田村ゆかり
"
2017/09/26,9/26-2,"用事終わって横浜向かっておるよ。
思わぬところでエンゼルパイもろた。
うれし。
栄養？糖分？とってがんばるよ。

田村ゆかり
"
2017/09/26,9/26,"お家になんもないから、先日再仕入れしたチーズバーガーをチンして食べるますよ？
→はい
　いいえ

田村ゆかり（職業：なべやき姫）
"
2017/09/26,9/26,"用事終わって横浜向かっておるよ。
思わぬところでエンゼルパイもろた。
うれし。
糖分とってがんばるよ。

田村ゆかり
"
2017/09/26,9/25,"帰宅中です！
お腹すいた！
お腹すいてよかった！

田村ゆかり
"
2017/09/23,9/23,"スタジオでポテロング食べてる
ひたすら食べてる
指がポテトになっててもおかしくない

田村ゆかり
"
2017/09/22,9/22,"うーん。
なんかつらたん。
早くおうち帰ってお熱測りたい。。

田村ゆかり
"
2017/09/19,9/19,"ぽっぽしてるからアイスでひんやりしたい。。
でも、体冷えちゃうかな・・？
その後、あたたかいココア飲めばいいかな？
この行動になんか意味あるかな？
わらにもすがる思いです。。

田村ゆかり

"
2017/09/19,9/18,"帰宅です。
せっかくお取り寄せでマンゴー買ってたのに食べる気力がなくてじゅくじゅくになっちゃったよ。。
なんでもいいから何か食べよう。

田村ゆかり
"
2017/09/17,9/17,"お天気悪いね。
台風近い人は気をつけて下さいね。
ゆかりももちろん気をつけるよ。

田村ゆかり
"
2017/09/16,9/16,"雨がー。。
傘とかないのにー。。
なんでわたし台風なのに傘持ってきてないんだー。

田村ゆかり
"
2017/09/14,9/14,"せめてバナナを食べなさいと言われたので、晩御飯はバナナを買いました。
二本買ったよ。

田村ゆかり
"
2017/09/14,9/13,"お汁粉飲みたいよね。
でもほんとはそんなに飲みたくもないよね。
どっちやろね。

田村ゆかり
"
2017/09/12,9/12,"家を出るときに雨が降っていたから傘を持ってきた私をみんな褒めていいと思うよ？(ドヤァ

田村ゆかり
"
2017/09/11,9/11,"お家帰って来てもなんか食べてお洗濯して何か食べてお風呂入ってなんか食べて寝てなんか食べるだけだにゃぁ。
深刻ななんか食べてる問題勃発。

田村ゆかり
"
2017/09/10,9/10,"きのこの山キットでたけのこ作ったった。
意外とたけのこになった。
でも私は食べてないマン。

田村ゆかり
"
2017/09/08,9/8,"やらなきゃいけないことあるのに、ソファーが私を呼んでいる。。
コマさんもソファーで待ってる・・。
ソファーだけは私を裏切らない。裏切らない。

田村ゆかり
"
2017/09/07,9/7,"あーあ
今日も傘ないんだよねー
朝からずっと我慢で過ごして来たけどそろそろ限界かなー
でも荷物になるから嫌なんだよなぁ
手がふさがるし

田村ゆかり
"
2017/09/07,9/6,"どん兵衛食べてたはずなのに雪の宿食べてた・・。
な、何を言っているのかわかｒ

田村ゆかり
"
2017/09/05,9/5,"おなかすいたなー。
さっきお昼ご飯食べたばっかりなのになー。


田村ゆかり
"
2017/09/04,9/4,"串をすぐなくす私です。
あとポイントめっちゃためてたポイントカードもなくします。
何年もしこしこため続けてたのに！
どこにいったんや！

田村ゆかり
"
2017/09/02,9/2,"コマさんかわいいよコマさん
お家にも本当にいたら良いのになぁ

田村ゆかり
"
2017/09/01,9/1,"差し入れでもらったお菓子をずっと食べています。ます。
やめられないとまらないけど海老ではない。

田村ゆかり
"
2017/08/30,8/30,"昼間雨に降られたから傘用意したよ。。
もう、降らないんだろうなぁ…。

田村ゆかり
"
2017/08/29,8/29,"かなーり久しぶりに入ったお店で「お久しぶりです」って言われたわよ？
店主なかなかやりおる。

田村ゆかり
"
2017/08/28,8/28,"あーあ。
夏終わっちゃうな。
今年も夏こなかったな。

田村ゆかり
"
2017/08/27,8/27,"今日のお仕事おわたた。
ねむねむですよ。
帰ったら明日の準備しなきゃ。

田村ゆかり
"
2017/08/26,8/26,"ねえねえ。
今日はハニームーンだよ。

それはさておき。
お腹すいたにゃー。
誰かご飯作ってくれないかなぁ。

田村ゆかり
"
2017/08/26,8/26,"ねむたいよー。
あくびがいっぱいでちゃう。
あくびちゃー

田村ゆかり
"
2017/08/25,8/25,"アニサマのゲネ終わってお家帰って来ました。
こんな時間に送ってごめんね。
リハ、緊張でがくがくだったよー。。
はぁ。明日心配だなぁ。。

田村ゆかり
"
2017/08/23,8/23,"昨日の夜、フィッティングしてた衣装を引っ張ろうとした時に、親指の爪と指の間に人差し指の爪が刺さって…。
今めっちゃ痛い。
いつなおる？これいつまで痛い？
隙間だからじっと我慢するしかないよないよ。

田村ゆかり

"
2017/08/23,8/22,"こんな時間だけどお好み焼き食べます・・
冷食ばっか食べてるなぁ

田村ゆかり
"
2017/08/21,8/21,"この30分で、私は何回”鳥獣戯画”と言ったのだろう。

田村ゆかり
"
2017/08/19,8/19-2,"わさびチーズしか食べ物がないお。
いや、本当はどん兵衛ならあるけど昨日もどん兵衛だったし流石にためらうお。
ひもじいお。。。お。。

田村ゆかり
"
2017/08/19,8/19,"ノースリーブ寒い。
夏なのに。
夏だよね？
まだ夏でいたいよ？

田村ゆかり

"
2017/08/19,8/18-2,"あれ？どん兵衛さん１０分くらい放置したつもりなんだけど、麺がのびのびになっちゃった・・。
何分放置してしまったんだろう・・。
お湯が少なくなりすぎてて納豆いれられない。。
健康に気をつかって納豆入れようと思ったのに。

田村ゆかり
"
2017/08/18,8/18,"ご飯何食べるか迷いに迷って、数時間迷って結局カップ麺になりました。
結局病院行く気力なかった(´･ω･`)

田村ゆかり
"
2017/08/16,8/16,"もしかして、今日も傘必須なのですか？
もう、毎日これくらい人が少なければいいのに。
ねむねむねむい。

田村ゆかり
"
2017/08/15,8/15-3,"…カッパじゃないよ？カエルだよ？

ゆかりだよ？
"
2017/08/15,8/15-2,"今のメール「ヒロシです」みたいだと思った？
私は送信ボタン押した後で思った。
そして誰も気づかないで！って思った。

ヒロシじゃないよ？
ゆかりだよ？

田村ゆかり
"
2017/08/15,8/15,"傘持ってきてないし雨降ってるけど、いまんとこ何とかなってる。
めっちゃ雨に当たってるけど何とかなってる。
無地のお洋服が水玉になってるけど何とかなってる。
何とかなってる。なってる。
なってる。

田村ゆかり
"
2017/08/15,8/14,"今日は歯医者さんの日だよ！（てきとう）
みんなたち、寝る前はちゃんと歯磨きしようね！
もう寝てたらごめんね！
いつもこんな時間になっちゃうね！
やめろ！ゆかりんはまだ子供なんｄ

田村ゆかり（夜は９時に寝るらしい。なんかしらの際には赤くなって可愛いんだ。）
"
2017/08/13,8/13,"涼しすぎてせっかく買った真夏のお洋服着れないな。
でも、涼しくなくても新しいお洋服着ないままシーズン終わるけどね。
なんで同じ服しか着ないんだろう・・。
しかも数年にわたって同じ服。。
おしゃれとは・・・女子力とは・・・。

田村ゆかり
"
2017/08/13,8/12,"はっ！今日は蘭寿とむさんの誕生日ではないですか！！！
それと、かーくん。

おめでとうございます！蘭寿さん！
それと、かーくん。

田村ゆかり
"
2017/08/12,8/11,"今日、ずっと何か食べてた。
からだが重たい。
明日・・・も食べちゃうだろうな。多分。えへへ・・・。

田村ゆかり
"
2017/08/10,8/10,"みんなぁぁおまったっせぇ♪(*＾▽＾*)
ゆかりんのぉぉおきょおおのばんごはんわぁぁぁ(*＾▽＾*)

冷凍してたマックのちぃずばぁがぁぁぁあだよぉーうっ！(*＾▽＾*)
ぺろりっ。

田村ぺろりん

"
2017/08/10,8/9,"首があ、、重たい重たい。
荷物重たいからかなぁ？

田村ゆかり
"
2017/08/08,8/8,"足の裏に鬼の金棒再び。
アメトークの足ツボPKの気分です。
いてててて。

田村ゆかり
"
2017/08/07,8/7,"コンビニで買ったレーズンサンド。
賞味期限結構早いですよ！
って教えてもらって確認したら１０日前に切れてた・・・。







美味しかったズラぁ

田村ゆかり
"
2017/08/07,8/6,"明日の準備なんもしてない。。
そろそろやらないとなぁ。
わかってるのにゴロゴロしちゃうなぁ。

田村ゆかり
"
2017/08/05,8/5,"モバイルバッテリーは持って来てるのにライトニングケーブル忘れた詰んだ

と思ってたら私のモバイルバッテリー、ライトニングケーブル？付いてた。
つよい(確信)

でもとりあえずスタジオでは誰かにケーブル借りよう。借りよう。

田村ゆかり
"
2017/08/05,8/4,"パトラーーーーーーッシュウウアウアウウウウーーーー！！
ねむたいひょおおおおおおーーー！
パッットラツッシュ！！
僕のッットモオーーー！
ダッツィーーー！！

田村ゆかり
"
2017/08/03,8/3,"今日の東京も涼しくて、もう秋なのではないかと間違えてしまうよね。
冷凍庫に入っている、むかんどうしよう。。どうしよう。
あいつ、全然溶けないよ。
すごいよむかん。むかなくていいし。
でも少し剥きたい。

◯む◯◯か◯ん
"
2017/08/03,8/2,"今日は涼しいからお外歩いても平気だね
おなかすいたな、何買おうかにょい

田村ゆかり

"
2017/08/02,8/1,"なんにもやる気しないしない夏。
とりあえず、お洗濯もの干してこようかな・・・。
なんにもしたくない。

田村ゆかり
"
2017/07/31,7/31,"サラミみたいなの数年ぶりに食べた
輪切りじゃないやーつ
まだ食べたいけどなくなっちゃった
明日また買いに行こう

田村ゆかり
"
2017/07/30,7/30,"かき氷食べたいな。
サラサラなのも好きだけど練乳でベトベトな方が好き。
ていうか練乳が好き。
練乳のみたい。
スプーンで飲みたい。

田村ゆかり
"
2017/07/29,7/29,"汗かきすぎて、顔が塩味になってる。
いま、私、割と美味しいと思う。

田村ゆかり
"
2017/07/28,7/28-2,"気づいたらチーズみたいなやつばっかり購入してた。
あとねあとね、コンビニにスパ王売ってないのなんでなん？
あんま流行ってないのかな？すごい便利なのにね。スパ王。

田村ゆかり
"
2017/07/28,7/28,"おう！ワイや！

スッシーの注文しくじっておひとり様やのにパーティみたいや！
細巻きとロール寿司には気ぃつけぇ！！！
誰がこんなに納豆巻き食べるんや！！



…ワイや！！！

ロール寿司頼んだの誰や！！！
ワイやッッッッ！

ゆっくりたべればええ？
アホ抜ぬかすな！
のんびりしてたらやられてまうで！
スピード勝負や！！





誰かたすけておくんなましやでしかし！！
ほなな！！！

田村ゆかり
"
2017/07/27,7/27,"朝の準備間に合わないかと思ったけど思いの外早く家を出れて結果的にいつもよりずいぶん早くスタジオに着いちゃった。
今日の東京は少し涼しいです。
日傘持ってきてないよ

田村ゆかり
"
2017/07/26,7/26,"湿度高くて海の中みたいで嫌だなー
ちなみに朝から傘は持ち歩いてません
帰るときまで降らないといいなー

田村ゆかり
"
2017/07/24,7/24,"書いてた鳩消えた。
がんばって長文打ってたのに(´･ω･`) 
昨日の夜握ったおにぎりはまだ食べられますか？
我が家は灼熱地獄です。
とりあえずエアコンつけよう。

田村ゆかり
"
2017/07/24,7/23,"うーむ。頭痛くて適当に飲んだお薬きかないから、福岡に伝わる謎のお薬CMCPを飲もうと思う。（中身はちゃんとわかってます）
６時間たってるから成分違うけど大丈夫だろううん。

田村ゆかり
"
2017/07/22,7/22,"肩痛くて連動して耳の奥も痛い気がする
あとねむたい。
それと口内炎
ふくらはぎと足先つる
なんでこんなに疲れてるんだろ？
夕方帰ってきてからずっとなんか食べてる (´-ω-`) おなかはすいていない

田村ゆかり
"
2017/07/21,7/21,"めまいがしたのでご飯を食べます。
たまごまぜるよー。

田村ゆかり
"
2017/07/20,7/20,"おう！ワイや！
たこ焼きはカリッカリのやつが好きや！
汁のやつはいまいちや！
ソースとマヨがあれば十分や！
ネギ？？？？？？？？？？？？
いらんいらん！
あんなん邪道や！
ほなな！

田村ゆかり
"
2017/07/19,7/19,"今日はアマレットウーロンです。
体に気を使ってみました。
ウーロンだから0kcalだよね！
食べたものも全部無にしてくれるよね！
やったー！

田村ゆかり
"
2017/07/18,7/18,"やっぱパン美味しいにゃあ。
でも、最近はたまにお米食べたくもなるよ？
パスタはあんまりかな？嫌いではないけど。

田村ゆかり
"
2017/07/17,7/17,"クリームソーダ的なもの、なんか食べたくなるよね。
毒々しいのに不思議だね。

田村ゆかり
"
2017/07/17,7/17,"レコーディング終わって帰宅中です。。。
ぷにぷにのイベント頑張って、ポイント5000くらい貯めたのに、交換しないまま日付が変わっていたよ。。
絶望しかないよ。。。
おなかすいたよ。
ビビーちゃんからラインが来ない(勝ったら割と来る)からアビスパ勝ってないってことだよね？(´･ω･`) 
今から見るつもりだけど…。。
ああ、、あああああ、、

田村ゆかりおなかすいた
"
2017/07/16,7/16,"カップワンタンにマグヌードルの麺だけ入れてワンタン麺作った私、天才かつ家庭的すぎる。
でも、スプーンで麺は食べにくい。
あと、麺のせいでお腹いっぱいになってメインのワンタンが・・。

ぁぁぁ、お外出たくないよぉおぉぉ！！
暑いよね。絶対暑いよね？
室内でも暑いんだもん、暑いよね？

田村ゆかり
"
2017/07/15,7/15,"お腹すきまして。
冷凍庫の中の銀色の包みを温めて食べようと思います。
平べったいから、多分、何ヶ月か前にどこかのパン屋さんで購入したパンだかピザだかわかんないけど、そんな物体だと思います。
アルミに包んでると、そのままコンロの魚焼きゾーンで焼けるからいいね♪
ゆかりん家庭的！きゃっ！(*'д'*)

田村ゆかり
"
2017/07/14,7/14,"飲み会行ってくるマン
飲み会とご飯会って曖昧でどう表現したらいいかわからんよね。
知り合いと友達の表現と同じくらいわからんよね。

田村ゆかり
"
2017/07/13,7/13,"しーんぱーい！



＼ないさー／

田村ゆかり
"
2017/07/12,7/12,"うわああ天皇杯の予約忘れてたあああーーん！！
多分最初から見れないのに！うわーーー！
なんでうちの録画のやつ遠隔操作できないの(´；ω；｀)ﾌﾞﾜｯ
うええああえええ(´；ω；｀)ﾌﾞﾜｯ

田村ゆかり
"
2017/07/10,7/10,"納豆！納豆！納豆！納豆！
ナットウキナーゼ！

田村ゆかり
"
2017/07/08,7/8,"うう。
いつの間にか寝おちてた。。
ハンバーガーのページ見ながら寝落ちとか食いしん坊すぎるよね。

田村ゆかり
"
2017/07/07,7/7,"時間余ったから美味しいケーキ屋さんに行きたかったんだ。。
何故か全然違う場所で降ろされて、ここじゃないですって言ったら、「ここのはずだよ！」ってキレられたんだ。。
おじいさんこわい。。
ナビ入れるのすっごい時間かかってたもんね(´･ω･`) 
駅から徒歩8分のお店なのに、ここ、駅の目の前なんだ。
結局全国どこにでもあるチェーン店でお茶飲んでるよ。
隣に誰のものかわからない謎のiPadが充電(放置)されてる。
ご自由にどうぞなのかな？かな？
ふふふふふふはははははふふふふふ…

田村ゆかり@悲しみ

"
2017/07/06,7/6,"チャンククッキー買おうと思ったらお店閉まってた。
そうよね、もう20時だものね(´･ω･`)
いい子はおねむの時間よね。
ここのお店のじゃなきゃ嫌なんだようあああーん。

田村ゆかり
"
2017/07/05,7/5,"しいたけ苦手なのにしいたけだらけのお惣菜買っちゃった。。
しいたけよけるの大変だよ。

田村ゆかり
"
2017/07/04,7/4-2,"傘もってなかったけど、マネージャーさんが車で送ってくれたから濡れずにすだ！
でも、我が家に食べ物がハムしかない！
それと、冷凍庫に眠ってるメロプリの使いにくいフライパンで焼いたパンケーキしかない。
しかたないから、メロプリの使いにくいフライパンで焼いたパンケーキを泣く泣く食べようかな？
あたためるのは、メロプリの使いにくいフライパンを使うのはやめたほうがいいよね？だって使いにくいし！
いやでも、あのメロプリの使いにくいフライパンは、私には難しいけどきっとメロプリの使いにくいフライパンだけど使いこなせる人もいっぱいいると思うんだ。
メロプリの使いにくいフライパン、かわいいよ？
でもかわいいよ？

田村yメロプリの使いにくいフライパン
"
2017/07/04,7/4,"今気づいたけど、iPhoneのアプリの並びがぐちゃぐちゃになってる、、
寝てる間に当たったかな？
あたりまくらないとこんなにぐちゃぐちゃにならないと思うけど、、

田村ゆかり
"
2017/07/03,7/3,"舌を噛んだとこが口内炎になっえるよぉー。
しゃへりにくいよぉー。
磯辺揚げみっちゅたのみゅおぅ。


田村ゆかり
"
2017/07/02,7/2,"おろろ
台風発生したの？
まるで夏みたいだね。。
おろろろろ

田村ゆかり
"
2017/07/01,7/1,"蒸し蒸ししますなぁ。
おなかすきましてん。

田村ゆかり
"
2017/06/30,6/30,"この雨の中傘持ってない私強い。
いつやむのこれ

田村ゆかり
"
2017/06/29,6/29,"こないだリハの時に余ってた、ホカ弁様のとんかつ弁当?がもったいなくてお持ち帰りしたんですよ。
ご飯とおかずとわけて冷凍してたんだけど、レトルトのカレーと合わせてカツカレーにした私偉くない？
誰も偉いって言ってくれないからみんな達に伝えるよ。
届けこの想い。

田村ゆかり
"
2017/06/29,6/28-2,"晩ご飯にしようと思ってスライスチーズとロースハムを買ったんですよ。
お家帰って冷蔵庫あけたら、ハムがにっこり微笑んでたよ。
ハム３つになったよ。
こんなにいらないよハム。
ちょっと笑ったよ。ハム。

田村ゆかり
"
2017/06/28,6/28,"おなかすいたよーう
コンビニかのう
(´･ω･`) 

田村ゆかり
"
2017/06/27,6/27,"クッキー苦手だけどチャンククッキーは好き。
お気に入りのお店見つけたけどあんまり行かない駅なんだよねー。
種類たくさんで迷っちゃう。
今度行ったらまとめ買いしよっと。

田村ゆかり
"
2017/06/26,6/26,"今日は、ずっとお菓子食べて生きてます・・。
ジャンクなものしか食べてない。
やめられないとまらないたすけておいしい物たべたいジャンクも美味しいし好きなんだけどだからとまらないんだけどああああああ

田村ゆかり
"
2017/06/25,6/25,"おなかすいたすいたすいたすいた。
おにぎり食べたけど、すいたすいたすいた。

田村ゆかり
"
2017/06/24,6/24,"今日もやる気でなくてソファにごろごろ転がってる
転がってるのにも飽きてくるくらい転がってる
このまま丸太になるんじゃないかなってくらい転がってる
いや、もう私自身がソファなんだと思う
だから仕方ない仕方ないのだ

田村ゆかり
"
2017/06/23,6/23,"味付たまごをノルマみたいに食べてる。
うずらのたまご、ころころしてて可愛いよね。
おいしいよね。
まぁるいものすき。
お月様とか、ラムネとか、マカロンとか、お豆さんとか、うにとか。
かわいいよね。

田村ゆかり
"
2017/06/22,6/22,"朝、思うところあってお洋服を慌てて着替えたんですよ。
そしたらワンピースシワシワだった(´･ω･`) 
せつなすぎるやん。

田村ゆかり
"
2017/06/21,6/21,"今も雨降ってるのかなー？
おなかすいたずら。(´+ω+｀)

田村ゆかり
"
2017/06/20,6/20,"今更だけどね、私、カールスティックが好きだったんだ・・。
もちろんチーズ味ね。
あのカリカリがたまらなく好き。
でも、もう食べられないのか。
いつから食べられなくなってたんだろう？

田村ゆかり
"
2017/06/19,6/19,"ちびりんのミニフライパンのサンプルもらったから、ホットケーキミックス買って来たー、
めっちゃ大量にできちゃうよかーん。

田村ゆかり
"
2017/06/18,6/18,"もう晩御飯食べてます。
変な時間が空いちゃったのよね。

お酒飲めないからウーロン茶で乾杯ですよ。

田村ゆかり
"
2017/06/17,6/17,"
そろそろネイルサロン行きたい。
多分ハンドケアしかしないけど。

田村ゆかり
"
2017/06/17,6/16,"おせんたくーおせんたーくー。
じゃっかんめんどうだよーー。
はよおわらんかな・・・。
洗濯機さんがんばって。。

田村ゆかり
"
2017/06/16,6/15-2,"結局チェリー食べたよ。
生ものからいっとかないとねって言いつつもヨーグルトも生か・・。
うむむ。

田村ゆかり
"
2017/06/15,6/15,"甘い物食べたい病（やまいと読んでね）だから、
帰宅してすぐに甘い物に思いを馳せてます。
コーヒーゼリーにするかヨーグルトにするかの２択だけど、、迷うなぁ。
どっちにしよかな？

田村ゆかり

"
2017/06/14,6/14,"TD確認中ですが、右手の人差し指の爪(ネイルみたいなもの)が半分はげました。。
なので、自分でガリガリして取りました。
中指も怪しいです。
まだ1週間しかたってないのにな。

田村ゆかり
"
2017/06/13,6/13-2,"お腹すいた。やっとお昼食べれるよ。

それはそうと、屋根とか鉄橋？から落ちてくる雨粒あるじゃん？
あれがピンポイントで直撃する率が異様に高いんだけど、、なんか呪われてるんですかね？
今も高速道路から垂れてきた水が唇に直撃ですよ。
口拭きたいけどウエットティシュー持ってないよ。

田村ゆかり
"
2017/06/13,6/13,"天気予報を確認して傘を持ってきた私天才。
雨はまだ降っていない。

田村ゆかり
"
2017/06/12,6/12,"結構ポイント貯まってたポイントカードなくしてかなり悲しい。
探しても探してもみつからない。
捨てるはずはないから、どこかで落としちゃったのかな・・。
こういうことあるから、ポイントはどんどん使った方がいいってわかってるんだけど貧乏性だからためちゃうんだよねぇ。

田村ゆかり
"
2017/06/11,6/11,"冷凍みかんって、どのタイミングで食べたらいいの？
完全に溶けるまで待ったほうがいいのかな？

田村ゆかり
"
2017/06/10,6/10,"葡萄ジュースおいしい
匍匐ジュースって書いてあっても、ぶどうジュースって読んじゃうよね。

田村ゆかり
"
2017/06/09,6/9,"コンビニ行ったらなんとかフライデー？やってた。
アイス欲しかったな…。
やり方わからなくて唇を噛みながら帰ったよ。ぐすん。

田村ゆかり
"
2017/06/08,6/8,"あれ、もしかして今日は雨ですか…？
日傘かな？って思って家でたんだけど、、
なお、日傘も持って来てない模様。
ねむい。

田村ゆかり
"
2017/06/07,6/7,"歯なのか頭なのかわからないけど痛いよー。
目の奥かな？わからないよー

田村ゆかり
"
2017/06/06,6/6,"やっと、ワンピースの入れ替えした！
なんか、新しくお洋服買っても結局いつまでも同じ服ばっかり着ちゃうのってあるあるだよね？

田村ゆかり
"
2017/06/06,6/5,"打ち合わせおわたー。
おなかすいたよー。
ご飯食べるよー。
夜中だけど炭水化物食べるよー。

田村ゆかり
"
2017/06/04,6/4,"蒸しパンが食べたくていっぱい探したけどあんまり置いてないんだね。
もしかして、蒸しパンって古い食べ物なのかしら。。
どこのパン屋さんも固いパンしかなかったよ。
6軒くらい回ってやっと見つけた。
なので、もう今年は蒸しパン食べなくていいかな。満足。

田村ゆかり

"
2017/06/04,6/3,"気づいたら寝落ちてた。
喉渇いたよー。
冷蔵庫の中に冷えてるジンジャーエールさんがない(´･ω･`)

田村ゆかり
"
2017/06/02,6/2,"今日はライブのグッズ撮影でしたよー。
2回目ですたい。
あと何回かあるよ。
ねむい。

田村ねむり
"
2017/06/01,6/1,"今日は足がよくつる。
交互にずっとつる。
つった足が痛くて地団駄踏んでたら友達がOS 1買ってきてくれたよ。
ゲル状のやつ初めて飲んだら思いの外ゲルってた(´･ω･`) 
もうつりませんようにようにように。

こむらがえり
"
2017/05/31,5/31,"いま、無性に、コーヒーゼリーが食べたい。
正確には、コーヒーゼリーにかけた練乳が吸いたい。
ああ、吸いたい。練乳が吸いたい。

田村ゆかり
"
2017/05/30,5/30,"お仕事おわた。
お腹すいたまん。
食べなくても生きていけるけどご飯食べる。
こんな時間だけどご飯食べるるる。

田村ゆかり
"
2017/05/30,5/29,"エッセンシャルオイル、適当に混ぜすぎて最早なんの香りなのかわかんない
。
今あるの全部使って違うメーカーのに変えたいんだよにゃー。
全部なくすの結構ほど遠い。。

田村ゆかり
"
2017/05/28,5/28,"柿の種がチョココーティングされたやーつ美味しいよね
柿ピーは柿もピーも好き
最近はどっちも好き

田村ゆかり
"
2017/05/28,5/27,"チョコモナカジャンボ食べたい
三分の一だけ食べたい

田村ゆかり
"
2017/05/26,5/26,"肌寒し。
衣替えしたらこれだよう、、
でも長袖めっちゃあるけど、、
夏服とは。

田村ゆかり
"
2017/05/25,5/25,"衣替え終わらない飽きた
中断する！

田村ゆかり
"
2017/05/25,5/24,"今日もFCイベントの打ち合わせですー。
ねむい。。


田村ゆかり
"
2017/05/23,5/23,"おかしい。
今日は衣替えの日だったのに、雑用おばけのせいで靴の整理しかできなかった。。
衣替えしないと新しいお洋服買えないよ(´･ω･`) 

田村ゆかり
"
2017/05/22,5/22,"FCイベントの打ち合わせしとります。
おなかすきました。
ひもじいよー。

田村ゆかり
"
2017/05/21,5/21,"あふ。。
お仕事おわた。
お腹すいたけど開いてるとこないからマック入ったよ。
マック久しぶりだよマック。
ハンバーガーはよく食べるけどマックは何ヶ月か食べてないと思う。
やっぱりダブチだよな。な？

田村ゆかり
"
2017/05/20,5/20,"頭が頭痛で痛くて
処方薬の痛み止めの薬飲んだ
眠たくて眠気がするけど
明日の準備の用意とか
家でやる仕事の在宅業務が全然出来てないから
まだしばらくの間の時間
布のお布団に入れないよ

田村のゆかりはゆかりん
"
2017/05/19,5/19,"足元に鬼の金棒みたいなのがあって、足がつりそう。。。

ずっと足がつりそう…。。
この鬼の金棒みたいなやつなんなん？

田村ゆかり
"
2017/05/18,5/18,"朝からライブグッズの撮影でしたよ。
あと何回かありますよ。
朝から置いてあるサンドウィッチをもぐもぐしてる。
今、和菓子ミックスの中に入ってたミニ最中に手を出すか迷ってますもぐもぐ。

田村もぐり
"
2017/05/17,5/17,"今日なんだかとても長い一日だった
流石にちょっとお疲れよ
仙豆落ちてないかな

田村ゆかり
"
2017/05/16,5/16,"明日はちょっと寒いんだって！
服装難しいねー。
どうでもいい服しか着てないけどめんどくさいねー。

田村ゆかり
"
2017/05/15,5/15,"好きなパン屋さんがあったから大量に買っちゃった。。
こんなにどうするんだ。

冷凍庫くんが食べてくれるけど！

田村ゆかり
"
2017/05/14,5/14,"ねぇ。麻婆豆腐ってお箸で食べるの難しいね。
スーパーで買ったのに辛すぎて、なんらかの汁が溢れてます。。
て手が震える・・。

田村ゆかり
"
2017/05/14,5/13,"ヒール苦手なのに絶対に足が痛くなるってわかってる靴で出かけたら、案の定速攻足攣った。
わかっているのに何でこの靴を選んでしまったのか。。

＼だって雨だったし／

スタジオでは平気な顔してたけど、めっちゃ足攣ってましてん。
まぁ、誰とも会話してないからたとえイテテしてても誰にも気づかれなかったと思うけど。
お家帰ってきてほっとしたぁ。
甘いもの食べたい！

田村ゆかり


"
2017/05/12,5/12,"明日は雨が降るのかなー？
今日は珍しく日傘を持って来てたのに一回も開かなかったよ(´･ω･`) 

田村ゆかり
"
2017/05/11,5/11,"海苔巻きに納豆乗せたら邪道かな…？
栄養とれるかなって思って迷ってる。

田村ゆかり
"
2017/05/10,5/10,"え、雨降ってたの？
エエェ
傘…エエェ

田村ゆかり
"
2017/05/09,5/9-2,"ふはははは！
レタスをちゃんとレタスと言えたぞ！！
長考の末言えたぞ！

田村ゆかり
"
2017/05/09,5/9,"今日、アイスの日なんだって。。
お昼間サーティワンの前通ったよ。。
買えばよかったな。アイス。
アイスの中ではサーティワンがダントツで好きだよ。

田村ゆかり
"
2017/05/09,5/8,"お仕事おわたまん。
今日はスタート遅かったからこんな時間です。
寄り道してご飯食べようかなと思ったけど、この時間じゃもう無理だなー。
うどん嫌いな私がおうどんを食べたいと言うことは喉にダメージ来てますなぁ。
選択肢がどん兵衛しかない(´・ω...:.;::..


田村ゆかり
"
2017/05/07,5/7,"今日は粉もん！を食べると思いきや食べません。
お好み焼きはいつでも食べたいけどね。
銀だこ食べたいにゃ。
カリカリ。

田村ゆかり
"
2017/05/06,5/6,"ゴムゴムの実！
ってあったよね？
木だっけ…？
どんなやつだっけ…。
ゴムゴムの手？？
そもそもゴムが間違ってる可能性…。

さほど気になってないから検索はしない。

田村ゆかり
"
2017/05/04,5/4,"お腹すいて意識がもうろうとしてきたまん。。
今日は、お昼をちゃんと食べたのにな。
お昼食べちゃったからかな？
今から晩ご飯たべるよ。
作る気しないから作らないよ。

田村ゆかり

"
2017/05/03,5/3,"冷凍してたチルドのミニピザを魚焼きゾーンで焼こうとしたら、すでに焼いた後に固くなったミニピザが出てきたよ。。
嗚呼、そういえば昨日焼いた気がする・・。

しょんぼりしながら、新しく焼いたら黒焦げになったよ。
仕方ないから、新しく焼いたらまた焦げたよ。
最後の１枚だったよ。
食べたけどね・・。
栄養はOS1とウィダーで補給しよう。

お友達とLineしてる時だけが楽しいな。
あ、サッカーは楽しかったです。今日は負けちゃったけどね。

田村ゆかり
"
2017/05/02,5/2-2,"訳のわからない調味料はたくさんあるのに、ポン酢が見当たらない・・・。
ポン酢なしでどうやって肉まんを食べろというのだ・・・？！
あと、ほんとうは叉焼まんの方が好きです。
肉まんは少し苦手です・・。

田村ゆかり
"
2017/05/02,5/2,"袋のまんま加熱できる肉まん売っててびっくりした。
破裂しないのかな？ってくらい膨らんでたけど大丈夫だったよ。
チン終わったら自然としぼんでいった。
これからいただくよ！美味しいといいなぁ。
てゆか、そもそも４つも入るかしら。。
無理な気しかしないんですが・・。

田村ゆかり
"
2017/05/01,5/1,"博多ぶらぶら抹茶味を自分用に買うた。
季節商品たまに買いたくなるよね。
しかも、抹茶は特に買いたくなるよね。
日本人だからかな？

田村ゆかり
"
2017/04/30,4/30,"夏みたいすぎて、白熊食べちゃった…。
ブラックモンブランと真剣に迷った。

田村ゆかり
"
2017/04/29,4/29,"ゴールデンウィークですなぁ。
いいお天気でよかったね。
こりゃ日焼けコースですな。

田村ゆかり
"
2017/04/28,4/28,"新しく靴をおろしたら、あまりの痛さに赤い靴かと思った。
帰ってきて脱いだ瞬間に足がつった。
かなしみ。

田村ゆかり
"
2017/04/27,4/27,"ネイルサロン入ったらコートのボタンが取れて、近くのお洋服リフォーム屋さんでボタンつけてもらった。
都会ってすごいね。
なんでもできるんだね。
魔法つかえなくてもいきていける。

田村ゆかり
"
2017/04/26,4/26,"電車がホームに入ってきた時、スカートがブワッてなって、ヒッ！ってなった。
マリリンかーい！とか思う余裕はなかった…。なかったよ。

インパン履くの忘れてきてごめんなさい。
いつも忘れちゃうよ。。みっともない。

田村ゆかり
"
2017/04/25,4/25,"みんなでごはんたべてます。
押し売りに負けてお魚を買いました。
塩焼き食べるよ。

田村ゆかり
"
2017/04/24,4/24-2,"なんか、よくわかんないけど足がガクガク震えてたから、今日もキャベツとベーコンのミルクスープ作ったんだけど。
冷蔵庫の中の物どんどん入れてやれと思ってホタテ入れたらびっくりするくらい灰汁が出た。。
結論を言うと、入れなきゃよかった。
怖くなったから他の物は入れませんでした。
これだから、料理センスのない人は・・。
消えたい。。

田村ゆかり
"
2017/04/24,4/24,"白赤福、復刻赤福、お持ち帰り出来ないって知ってしょんぼりしてる。
どのみち、行く予定はなかったけど・・。
白餡スッキーだよ・・。食べてみたかったよ・・。
東京でも余裕で買える普通の御福餅で我慢するよ・・。

田村ゆかり
"
2017/04/23,4/23,"葉っぱをもしゃもしゃ食べてます。
虫じゃあるまいし。

田村ゆかり
"
2017/04/22,4/22,"録りだめてる番組消化中・・。
と言っても、ながら見だけど。
今流してるのはお笑い番組ですー。
でも、昨日お友達に勧められた映画も見たい・・。
Amazonプライム便利すぎるやん。

田村ゆかり
"
2017/04/21,4/21,"♪買い物しようと銀座へでーかけたぁら(トゥールトゥットゥ)
改装ッ(ズズジャンッ)
工事中ッ(ッッチャーラッ)
あるあーるゆかーりさん(タラララララララ)
とぼとぼ歩いてるー
涙をこらえてるー
ルールルルルッルー
今日も空元気ー(タララッタララッタララッタララッ テトテトーテトテトー タララララー チャーッチャ！)♪

ユカリさん
"
2017/04/20,4/20,"晩ご飯迷いに迷って、食べたいものも食べる気もなくて、結局冷蔵庫に入ってたゼリー食べた。
いつのゼリーかよくわからないけど、甘かったから食べてもいいやつのはず。
まだいっぱいあるから、またそのうち食べよう。
そのうちね。何ヶ月後かな？

田村ゆかり
"
2017/04/19,4/19,"ぴーちうーろろろろん。
ろろらろろろーん。
ほんとはカシスジャスミンが飲みたいけどあんまりないよね。

田村ゆかり
"
2017/04/18,4/18,"さてさてさて。
先日噛んだ所が口内炎になってきましたよ。
ぷくっとふくれてるから、そこをまた噛んじゃう永遠血まみれ口腔内。

田村ｙｋｗり
"
2017/04/17,4/17,"あめがーどんどんーひどくなってーくるらしいねーー。
傘とかないよおおおおお。
あるわけないよううううううう。
ひょおおおあおう。

たむらゆかりいいいいいい
"
2017/04/16,4/16,"ご飯食べてたら唇かんだ。
確実に口内炎コースじゃないですか、、

田村ゆかり
"
2017/04/15,4/15,"はぁ。久しぶりにほっとした。
あ、サッカーです。

それはそうと、ちゃんと測れる体温計が見つからない。。
ポチるか…。

田村ゆかり
"
2017/04/14,4/14,"花粉症なのにマスクをしない愚行。
くしゃみめっちゃ出る。
薬もずっと飲んでいないよ。

田村ゆかり
"
2017/04/13,4/13,"焼き魚食べたい病。（←やまいと読んでください）
でも、目の前にすると多分そうでもなくなりそうな気がする。
なんだかんだで煮魚選びそう。。

田村ゆかり
"
2017/04/12,4/12,"胡麻団子はゴマあんのが好きだな。
普通のでも美味しいけどね。

田村ゆかり
"
2017/04/11,4/11,"iPhoneの電池がんがん減るよー。
OSのアプデで改善されてるのかなー？
未だiPhone6でがんばってるけど限界かしら。。
でもiPhone8まで機種変はしたくない。
電池交換したほうがいいのかなぁ。
知恵袋にも答えないよー。だれかー。

田村ゆかり
"
2017/04/10,4/10,"今日ね、ししとうの天ぷら食べたんだ。
それだけなんだ。
深い意味はないよ。

ししとうを巡って死闘なんか繰り広げてないよ。

田村ゆかり
"
2017/04/09,4/9,"今日はなでしこ見てるお。
女の子の見るのは初めて。
サッカー楽しいなぁ。

田村ゆかり
"
2017/04/08,4/8,"お水飲むの苦手。
どうしてもお茶にしてしまう。
本当はお水の方がいいんだろうけどな。

田村ゆかり
"
2017/04/07,4/7,"おおお、、
また新しいサッカー用語？を覚えてしまった…。
おおお。。

田村ゆかり
"
2017/04/06,4/6,"シムシティやりたい。
でも、町を作るの苦手だけど…。
作り直すの苦手なんだよね(´･ω･`)

田村ゆかり
"
2017/04/05,4/5,"しょんぼりしてたらお友達がご飯連れ出してくれた。
2日連続。ありがたや。
卵かけご飯たべるるる。

田村ゆかり

"
2017/04/04,4/4,"お腹すいて手足がしびれてきてる。
ご飯食べる気しない。
痩せるかな？そしたらラッキーだな。

田村ゆかり
"
2017/04/03,4/3,"
夜道闇黄泉。
iPhoneの変換候補。
夜道はまだしも、闇は無理やりすぎるでしょ。
最近、予測変換が気を使ってくれるよね。
おかげで、ぼんやりしてると変な文章ができてる時あるよ。
それはそうと今日は黄泉の日ってことでよろしいか？

田村ゆかり
"
2017/04/03,4/2,"くりぃむ入ってるメロンパンをこんな時間に食べました。
少し後悔しています・・。
美味しかったズラ。

田村ゆかり
"
2017/04/01,4/1,"お天気バラバラすぎてお洋服困る。。
どのみち春のお洋服1着も買ってないけど。
お洒落とかする気にならないんだよなぁ。
おうちからでたくないよ

田村ゆかり
"
2017/03/31,3/31,"今日は忘れ物いっぱいの日だった。
iPadは流石に諦めたけど、謎のチェーンは雑貨屋さんをめっちゃ探したよ。。
チェーン買えてよかったよ。

田村ゆかり
"
2017/03/30,3/30,"桜餅食べたい病。(やまいと読んで下さいね)
どうしてもーーーーーターーーべーーーーたーーーいいいいいいいいいいーーーーーー！！
道明寺！どどどどうみょうじ！！
白あんのッッッ！どうみょうじ！

田村ゆかり
"
2017/03/29,3/29,"今日の晩御飯は納豆ご飯(´･ω･`) 
納豆はやっぱりひきわりより普通のの方が好きだなー。

田村ゆかり
"
2017/03/27,3/27,"iPhoneの電池がガンガンガン速で減って行くの、もしかしてOSのせいなのか…？
電池交換しても治んないって見かけるからもちょっと様子見ようかな…。

田村ゆかり
"
2017/03/26,3/26,"加湿器つけてるのにお部屋の乾燥酷い。
手がかさかさだよ。パトラッシュ。
いつでもパトラッシュを探してるよパトラッシュ。

田村ゆかり
"
2017/03/25,3-25-3,"とろみつきすぎィィィァァアッ！！

田村ゆかり
"
2017/03/25,3/25-2,"ゆかりん、水溶き片栗粉とリベンジマッチ。
上手くいくかなぁ(´･ω･`)
てゆか、ご飯が副菜１種のみって雑すぎるよ・・。


田村ゆかり
"
2017/03/25,3/25,"お蕎麦の盛り付け方っていまいちよくわかんない。
具を乗せすぎなんだろうなとは薄々感づいてる。
だっておなかいっぱいになるもの…。
さて、今日はどこの試合見ようかな？

田村ゆかり
"
2017/03/24,3/24-2,"って、一通目の鳩の足に文書を結んでる間にiPhoneの命は60%まで減ったんだ。
今もどんどん減ってるんだということは君の元にこの二通目の鳩が届く頃には僕のiPhoneはきっと…。きっときっときっときっときっと…

田村ゆかり
"
2017/03/24,3/24,"モバイルバッテリーを忘れてきたので気が気じゃないよ。
スタジオでるときは100%だったけど、もう71%しかないよ。
最近、電池減るの早い。
あと、40%くらいで突然落ちる。
こわいこわいこわいこわい。
まだお外でご飯食べてる。
ひとりで食べてるから友達はiPhone、君しかいないのに！

田村ゆかり
"
2017/03/23,3/23,"ううう…ねも…
ゆかりはだんだんねむくなってる…なってる…なってる
このままお布団に移動して寝ればいいのに何故かやらない人間の不思議。

田村ゆかり
"
2017/03/22,3/22,"今日が3/24だと思っていた私は、もしかしたら未来からやってきた私なのかもしれない。
3/22の私はどこにいるのだろう？

田村ゆかり
"
2017/03/21,3/21,"ヨーグルトの賞味期限すぐ切れる
寝かせてるのかな？ってくらい切れる
実験かな？ってくらい切れる

自己責任だからいいのである

田村ゆかり
"
2017/03/20,3/20,"アロマ焚いたら空気清浄機がすごい勢いで浄化していく。
どっちが勝つんだろう？
この行為に意味はありますか？

田村ゆかり
"
2017/03/19,3/19,"今日は試合行けない＆リアルタイム視聴も出来ないので、ニュースサイト？とか絶対に見ない。
お願いだから来ないでね、通知。。

田村ゆかり
"
2017/03/18,3/18,"花粉で頭重たい。。
目の奥も痛い。。
ごろごろしたい。
嗚呼…。

田村ゆかり
"
2017/03/18,3/17-2,"砂肝が来たんですよ。
2本だったんですよ。

減らしてくれた！！！










って喜んでたら

「お待たせしましたー！」

やっぱり来たよ。
4本だよ。。


しかもタレだよ。
砂肝のタレ…初めて食べたよ。

田村ゆかり


"
2017/03/17,3/17,"焼き鳥2本からになってたから2本頼んだんですよ。
そしたら4本来たんですよ。
「頼んだのは2本です」
って言ったら
「ひとつが2本です」って言われたんですよ。

ゆかりん頭悪いからよくわからないよ。。
いやわかるけど、2本って言ったのに4本はおかしいやろ？

おかしいやろ？？

どんどん4本くるよ。。。

田村ゆかり
"
2017/03/16,3/17,"柔らかいティシュー使ってるのに、お鼻がカピカピになってきてる。
なんでや！違うちり紙に変えた方がよいのかしら？
かしらかしら？

田村ゆかり
"
2017/03/16,3/15,"さむいさむいさむい。。
いまだに冬ですにゃあ。

田村ゆかり
"
2017/03/14,3/14,"どうせなら、雪が降ったらよかったのにな。
たくさんじゃなくてちょっとだけね。

田村ゆかり
"
2017/03/14,3/13,"今日はオレンジ系のアロマ焚いてる。
最近また好き。
なんか落ち着くよ。

田村ゆかり
"
2017/03/12,3/12,"弟の家のワンコがヘルニア？みたいでかわいそう。。
そして、弟も腰痛めてるみたいでかわいそう。
私も気をつけよう(´･ω･`) 

田村ゆかり
"
2017/03/11,3/11,"最近やっと、湯船に入るの怖くなくなってきた。
携帯は持ってないと怖いけど。
バスソルトもいいけど精油を入れるのがマイブームです。

田村ゆかり
"
2017/03/11,3/10,"おなかすいたよー。
コンビニ寄り道しよう。
カイワレ売ってるかなぁ？

田村ゆかり
"
2017/03/09,3/9,"この時間の羊羹は禁断の羊羹。
食べちゃったけど。

田村ゆかり
"
2017/03/08,3/8,"夜から用事があるから、ほんのちょっとだけおめかししようとか思ったら、ブーツとコートの色が合ってなくてしょんぼりしてるマンです。
一回お家帰れるかなぁ？帰るかなぁ？
なんで今日寒いかなぁ。

田村ゆかり
"
2017/03/07,3/7,"お家出る時に焦ってアロマオイルぶちまけた(>_<*)
iPhoneのケーブル取ろうとしただけなのに！
とりあえず拭いたけど急いでたから綺麗になったかわかんない。。
そして、お部屋がネロリに支配された。ねろねろ。
いい香りになったけどちょっと憂鬱ですじゃ。
働いてきます(´･ω･`) 

田村ゆかり
"
2017/03/06,3/6,"スタッフさんにもらったベーグルがとても美味しくて、自分でもお店に行ってみようと思いました。
でも、売り切れ次第お店が閉まっちゃうみたいだから、永遠に行けない気がします。ます。

田村ゆかり
"
2017/03/05,3/5-2,"水溶き片栗粉が相変わらずとろまない。
ちゃんと分量も守ってるし、木べらで混ぜてるのに。
片栗粉苦手苦手苦手。
そしてご飯食べる気しない。

田村ゆかり
"
2017/03/05,3/5,"今日のお仕事、昨日のうちに終わったから、シーツを洗濯しながらサッカー観れる嬉しい。
とりあえず長崎vs横浜を聴きながらお手洗いのお掃除してるマン。

田村ゆかり
"
2017/03/04,3/4,"おみやの茶巾？をもぐもぐしてる。
栗は最後に残しちゃうよね！すきすき！

田村ゆかり
"
2017/03/03,3/3,"凍らせたカステラ、とても冷たいです…。

田村ゆかり
"
2017/03/02,3/2,"今日も今日とてベンチスト。
この広い東京砂漠ではベンチだけが憩いの場。
お外寒いしこのまま動きたくない(´･ω･`)

田村ゆかり
"
2017/03/01,3/1,"ひなあられの白いのが好き。
白いのだけ集めたい。

田村ゆかり
"
2017/02/28,2/28,"耐え切れず病院行きましてん。
おのれ花粉め。

田村ゆかり
"
2017/02/27,2/27,"昨日から花粉にやられてるるるる
はなたれれれれれ

たむらららゆかりりり
"
2017/02/27,2/26-2,"光一くんの舞台演出の話面白いなぁ。
あ、テレビの話です。

田村ゆかり
"
2017/02/26,2/26,"うふふ。
ケーキ食べた。うれし。

田村ゆかり
"
2017/02/25,2/25,"桜餅売ってたー！
道明寺すきすき。

田村ゆかり
"
2017/02/24,2/24,"いちごが美味しくてなんかうれしい。
当たり外れあるよね。

田村ゆかり
"
2017/02/23,2/23,"今、すれ違った男の人に思いっきり肘鉄くらわされて(ぶつかっただけです)腕がジンジンしてるんだけど、「サッカー選手は接触した時もっと痛いんだろうな…私、フィジカル弱いな…」とか思ったサッカー脳ですこんにちわ。
うでいたいんじゃあああああ！｡ﾟ(ﾟ´Д｀ﾟ)゜｡ｳｧｧｧﾝ

田村いたがり
"
2017/02/22,2/22,"日付にちなんでラーメンでも食べよかな？
お鍋はめんどくさいからやだな。
今日は食べる気しない。

田村ゆかり
"
2017/02/21,2/20-2,"ACL鹿島戦後半戦だけ観れた！
もちょっと遅い時間なら観やすいけど、寒い季節だから仕方ないねー。

田村ゆかり
"
2017/02/21,2/20,"ハンバーガー買いたくてちょっと遠くまで歩いたら、あまりの寒さに手がかじかんでる震えてる。
あと、気のせいかもしれないけど、ピアスが冷たくなってホールが痛い。
耳が立ってるから、耳の中も痛い(´･ω･`) 
つまり何が言いたいかと言うと寒い痛い寒いさむいたいさむいさむたいむさまーたいむ。
私にも夏はきますか？そのうちきますか？

田村ゆかり
"
2017/02/20,2/20,"なんかね、急にくしゃみと鼻水が。。
風が強いからかなぁ？

田村ゆかり
"
2017/02/19,2/19,"今日は、にぃくの日ではないの？？
何の日なの？

田村ゆかり
"
2017/02/18,2/18-2,"スーパーだ！と思って入ったお店がホームセンターだった時の悲しさよ。
食料品なかったよ。

田村ゆかり
"
2017/02/18,2/18,"鹿島vs浦和とかどっち応援したらいいの…！
植田くん、、西川くん、、ああああああ！
金森ちゃんも観れたらうれしいなぁ。

田村ゆかり
"
2017/02/18,2/17,"コート着といてよかったな。
もう寒い寒い寒い。

田村ゆかり
"
2017/02/16,2/16,"明日春一番吹くのかな？

田村ゆかり
"
2017/02/15,2/15,"ねんがんのチョココロネをてにいれたぞ！
細い方からはむはむした。
最後にチョコ吸いたいからね！
今度はチョコじゃなくてクリームの方買おうっと。

田村ゆかり
"
2017/02/15,2/14,"今日は煮干しの日だって教えてもらったからイワシの煮干しを食べました。
噎せました。

田村ゆかり
"
2017/02/13,2/13,"あたたかいパイナップルウウウウウウ！

田村ゆかり
"
2017/02/12,2/12,"こんばんわ。
ラーメン作るのがめちゃくちゃ下手マンです。
お家で綺麗で美味しそうなラーメン作れる人なんなん？
ロボット？(´･ω･`) 

田村ゆかり
"
2017/02/11,2/11,"アイスクリーム食べたい
お風呂上がったらたべよかな？

田村ゆかり
"
2017/02/10,2/10,"チョココロネ食べたい
すっごいもっさりしてるチョココロネが食べたい
たまに異様に吸いたくなる
でもどこにも売ってない
かなしい

田村ゆかり
"
2017/02/09,2/9,"にくにくの日なのかぁ…。
知らにゃかったよ。にく。。

田村ゆかり
"
2017/02/07,2/7,"風がもんげー冷たくて、手袋しても手がもんげーかじかんでる。
耳あてしてないから、耳がもんげそう。。

田村ゆかり
"
2017/02/06,2/6-2,"【悲報】あと1分では家に着かない【パン屋さんに寄り道したせい】

田村ゆかり
"
2017/02/06,2/6,"もしかして今日あたたかい？
今日のお仕事は15時までの予定だけど、がんばっていそいでおわらせるんだぁ！
ひとり収録だからがんばる！(`・ω・´)ｷﾘｯ

田村ゆかり
"
2017/02/05,2/5,"乾燥酷くて加湿器で追いつかない
静電気嫌だなぁ

田村ゆかり
"
2017/02/05,2/5,"乾燥酷くて加湿器で追いつかない
静電気嫌だなぁ

田村ゆかり
"
2017/02/04,2/4,"日本酒しゅしゅしゅしゅ
私意外と飲めるようになって来てる気がする

田村ゆかり
"
2017/02/03,2/3,"あー。。これは飛んでますねぇ…。

田村ゆかり
"
2017/02/03,2/2-2,"にゃんにゃんにゃん！
いや違う。

今一瞬アビスパがテレビに映った！嬉しい！
東京なのに！嬉しい！アビスパの事を流してた訳じゃなくてたまたま映っただけだけど！嬉しい！
にゃんにゃんにゃーん！
た
まうらゆかり
"
2017/02/02,2/2,"あー明日、恵方巻の日かぁ。
食べないだろうなぁ。
ひとりで食べきれる量じゃないし。
なんか大きさとか年々エスカレートしてるよね？
ゆかりはサラダ巻きが好きだな(*'д'*)

田村ゆかり
"
2017/02/01,2/1,"お家帰ってきたからお弁当食べながら録画してるやべっちFC見てる。
デジっち面白いなぁ。
今日初めて声出して笑ってる(о´∀`о)

田村ゆかり
"
2017/01/31,1/31,"去年新調したメガネのレンズに傷がついてた。
かなり悲しい。。
逆に考えれば、どんな敵の攻撃から私を守ってくれたんだろう・・？

田村ゆかり
"
2017/01/30,1/30,"お腹すいてなかったけど、お昼ご飯食べようとお店に入ったら、なんだかお腹がすいてきた気がする。
だけど、気のせいかもしれない。

田村ゆかり
"
2017/01/29,1/29,"揚げ物したら大惨事になった(´･ω･`) 
一人暮らしで食べる量じゃない＼(^o^)／
どーしよ。。

田村ゆかり
"
2017/01/28,1/28-2,"クイズ簡単すぎるやん！

田村ゆかり
"
2017/01/28,1/28,"テレビで福岡が特集？されてただけでなんか嬉しい(*'д'*)

田村ゆかり
"
2017/01/27,1/27-2,"せっかく買ったイチゴが痛んできてたからジャムにした
でも入れる瓶がなかったからココットに入れた
瓶は明日届きます
無意味

田村ゆかり
"
2017/01/27,1/27,"「お出かけゆかりん」してきたよ。
都内だけどね！
色んな物つくって楽しかったー！会報をお楽しみに。

はと遅い時間になってごめんね。

田村ゆかり

"
2017/01/25,1/25,"いちご食べなきゃ・・・食べなきゃ・・・食べなきゃ・・
ハンドクリームつけちゃったから、いちご洗うの面倒くさい・・・
いちご・・・・いちご・・・・いちご・・

田村ゆかり
"
2017/01/24,1/24-2,"目がかゆくて涙目ですたい。
はよおうち帰ってコンタクト外したいたい。

田村ゆかり
"
2017/01/24,1/24,"鏡見たら前髪がおかしかった。
いつものことだけど。。

田村ゆかり
"
2017/01/23,1/23,"お腹すいたからチョコ食べよう…。

田村ゆかり
"
2017/01/22,1/22,"目に砂が入ってからゴロゴロしてる
目薬してもゴロゴロとれない(´+ω+｀)

田村ゆかり
"
2017/01/21,1/21,"冷蔵庫の中のありもので無理やりご飯作った。
早く使った方が良さそうなものをピックアップしてたのに、1番先に使うつもりだった物に鶏ひき肉入れるの忘れてたよ(´･ω･`) 
悲しみに暮れながらジップロックに入れて、冷凍庫へ送り込みました。。
だったら昨日のうちに冷凍しとけばよかったな。

そして、肉じゃがは3日目でやっとなくなりました。
自炊するとこうなるよなぁ。つら。
冷凍するつもりで茹でたブロッコリーを調子に乗って全部使ったからサラダが固いです。つら。
今日作ったものもタッパーで冷蔵庫で待機する予定です。つら。

明日はジャンクなもの食べたい。つら。

田村ゆかり
"
2017/01/20,1/20-2,"湯船からこんばんわ。
やることないよ。暇だよ。

ジップロック先生がいるからiPhone見れるけど文字入力は難しいね。

田村ゆかり
"
2017/01/20,1/20,"どーしても食べてみたいタマゴサンドがあって、今日こそ買いに行く！って思ってたけどあまりの寒さに断念です(´･ω･`) 
時間はあるけど、お店遠いよ遠いよ。
タマゴサンドはもちろんゆで卵を崩した派です。

田村ゆかり
"
2017/01/19,1/19,"何もないところで転びそうになって足がグキってなってもんげった。

田村ゆかり
"
2017/01/18,1/18,"ねむいさむいねむいさむいめぬいさむあめぬ

田村ゆかり
"
2017/01/17,1/17-2,"今日静電気すごすぎて、私、ジンオウガみたいになってる。。
なってるっちゃっっ(´>∀<｀)ゝ

胃液ずっと上がってきて気持ち悪いけど、
スーパーで買ったチーズケーキ美味しくてなんかうれしです。
単純だよー。

田村ゆかり
"
2017/01/17,1/17,"車酔いするから携帯の画面が見れにゃ
なんでやろ？

田村ゆかり
"
2017/01/16,1/16-2,"昨日「本能寺ホテル」観たから、なんとなく信長が気になって「信長協奏曲」の映画版観てる。
…これ、ドラマ？観てないとわからないやーつなのでは。。
でもとりあえず観てる。

それはそうと、また熱でた。。
あと、さっきカレー味のポップコーン食べてから気持ち悪い(´･ω･`) 

鳩さん送信に時間かかって時差ありまくるから、いっぺんにまとめて色んなこと詰め込んでごめんなさい (´-ω-`) 

はよなんとかならんかなー。
一応がんばってシステム？やってくれるつもりみたいだけど。
時差なくなると嬉しいよね。

そして、これを書いてる間に信長に何が起きたのかわからなくなった。
あかんやつ(´>∀<｀)ゝ

田村ゆかり
"
2017/01/16,1/16,"ちょっと好きなアーティストさんが、いたずらに耳元で歌ってくれて天国にいる気分を味わった。
恥ずかしながら「ひゃん！」ってなった。


…という夢を見たんだ。。
正直困惑している。。もう夢の中で生きていきたい(´+ω+｀)
なんで目覚めてしまったんだろう。私のバカ。

そして1番好きなアーティストさんの夢は見たことがないのに、この人の夢はたまに見る不思議。
これはあるあるですか？ (|||???.)

田村ゆかり
"
2017/01/16,1/15,"久しぶりにあう遠方のお友達たちと飲んでた。
楽しい1日だな。

さきほどは鳩の日付を間違えてしまって申し訳ありませんでした。

田村ゆかり
"
2017/01/15,1/14,"寒い寒い寒い。
冬将軍怖い。

田村ゆかり
"
2017/01/14,1/14,"寒いね
試験の人たちがいつも通り元気に過ごせますように！

田村ゆかり
"
2017/01/13,1/13,"いい子じゃないけどお化けでませんように…。

田村ゆかり
"
2017/01/12,1/12,"風邪ぶりかえしましてん。。

田村ゆかり
"
2017/01/11,1/11,"俺・・今夜、心に余裕があったらアップルパイ買って帰るんだ・・

田村ゆかり
"
2017/01/10,1/10,"風邪は治りつつあるはずなのに、身体が怠い。。
みなさんお気をつけて。。

田村ゆかり
"
2017/01/10,1/10,"
メール本文	
風邪は治りつつあるはずなのに、身体が怠い。。
みなさんお気をつけて。。

田村ゆかり
"
2017/01/10,1/10,"風邪は治りつつあるはずなのに、身体が怠い。。
みなさんお気をつけて。。

田村ゆかり
"
2017/01/10,1/9-2,"OS1やっと届いた(>_<)
バラ売りなかったからケース買いしか出来なかったよ。
待ってたよ。。すいぶん…

田村ゆかり
"
2017/01/10,1/9,"成人の日なのにお天気悪いね。
新成人のみなさんおめでとうございます。

田村ゆかり
"
2017/01/10,1/8,"どういう訳か、何日も前から明日が1/11な気がしてて何回も自分にだまされてます。
なんででしょうね？

田村ゆかり
"
2017/01/09,1/7,"今日はキティちゃんマスクです。
ちょっと恥ずかしい、、

田村ゆかり
"
2017/01/09,1/6,"風邪ひきましてん。。。

田村ゆかり
"
2017/01/09,1/5,"餅巾着でお餅クリアしました。
やっと！

田村ゆかり
"
2017/01/09,1/4,"更にみかんも食べてない
お正月どころか冬を感じてない
ないないないないだらけ

田村ゆかり
"
2017/01/09,1/3,"そして福袋も買わず…

田村ゆかり
"
2017/01/09,続お正月。,"初夢見ず。
やっぱりお正月感なし

田村ゆかり
"
2017/01/09,1/1,"お正月ですね
あんまりお正月っぽくないなぁ

田村ゆかり
"
2016/12/26,やっと,"ケンタ買えた！
私だけ出遅れてる！
ケーキ食べたい！ない！
(´；ω；｀)ﾌﾞﾜｯ

田村ゆかり
"
2016/12/25,めりー！,"コンビニでタマゴサンドと枝豆とハンバーグ買って来た！(´>∀<｀)ゝ
タマゴサンドおいしい…おいし

田村ゆかり
"
2016/12/25,あっ,"神様私ケーキ食べたかったよ
明日食べれるかなぁ？

田村ゆかり
"
2016/12/22,うーん,"四季はどこへ消えたか

田村ゆかり
"
2016/12/15,間に合っt,"最近はハーフタイムでシャワー浴びれるようになりました
合理的。
やっぱレアルが勝つのかなー？どきどきします

田村ゆかり
"
2016/12/14,鳩が,"私に向かって何羽も何羽も飛んできた
指を差し出したけどとまらなかった

田村ゆかり
"
2016/12/13,今朝は,"やっと前髪がちゃんと切れた気がします

田村ゆかり
"
2016/12/13,今朝は,"ちゃんと前髪が切れた気がします

田村ゆかり
"
2016/12/13,今朝は,"ちゃんと前髪が切れた気がします

田村ゆかり
"
2016/12/01,えいり,"前髪整えてたら眉毛のしたのとこちょこっと切って微妙に痛い。。。

田村ゆかり
"
2016/11/29,1129,"今日はいいにくの日だから普通のお肉食べたいけど胃腸の調子がよくないから何を食べたら良いかわかりません(´･ω･`)
飲むヨーグルトかな・・

田村ゆかり
"
2016/11/19,あ。,"普通に美味しい。
よかった。

田村ゆかり
"
2016/11/19,ごくり,"麻婆春雨の半分を翌日食べる委員会の私ですが、翌々日に食べるのははじめてです。
さすがにドキドキしています。。

田村ゆかり
"
2016/11/11,困った,"冷凍庫を過信する余り冷凍庫が飽和してる

田村ゆかり
"
2016/11/10,おへや,"寒すぎて自宅なのにカイロ貼った
暖房は入れてる
いつもはすぐ暑くなって止めるのに

田村ゆかり
"
2016/11/07,シテューゥ,"あきた。

田村ゆかり
"
2016/10/31,さーて,"今日の賞味期限切れは？

田村ゆかり
"
2016/10/23,昨日の夜,"レンジで解凍してた自作おにぎり。
あんま問題なさそうだけど一口食べてやめた私の回避能力！

なので朝ご飯は、一昨日買っておいたサラダ（賞味期限昨日まで）です。
こないだお腹痛くなったやつです。
でも、今日は多分いける！まだ朝だし！
私の回避能力は確実にレベルアップしてる。

田村ゆかり
"
2016/10/22,お昼,"ご飯はひれカツサンドです。
※ ただし賞味期限切れてる

田村ゆかり
"
2016/10/19,そろそろ,"カイロの季節
常備カイロを出してきました

田村ゆかり
"
2016/10/12,オロロ,"賞味期限が昨日までのサラダ食べてから具合悪い気が…。
蒸し鶏か…？蒸し鶏があかんかったのか…？

田村ゆかり
"
2016/10/10,祝日,"体育の日ですね
まだ衣替えしてません

田村ゆかり
"
2016/10/06,よーし！,"お風呂はいるの間に合った！
川平さんの「むむっ」って聞くととまうしても大吉さんの方が浮かんじゃう！

田村ゆかり
"
2016/10/01,ああああああ,"あやはなこらまはまはとへかさおはやはまなもなたはやねやてとはめわらはたすさたはやたさたあさはやはなあとなやはなまひまなはみはなさはなはにさはなたはやはらやらやたなとやワヌヒハノノノノのハヤナマハヨヤサハしなやはゆしはやらはまたさたはああえねね」なさやか、ーはやはや

｡ﾟ(ﾟ´Д｀ﾟ)ﾟ｡｡ﾟ
"
2016/09/23,お昼,"賞味期限が切れたカップ麺食べてる。
お外に出るの気が全くしない

"
2016/09/23,お昼,"賞味期限が切れたカップ麺食べてる。
お外に出るの気が全くしない

"
2016/09/19,今日は,"敬老の日ですね。

田村ゆかり
"
2016/09/14,Re,"自分で作るラーメン美味しくない（再）

田村ゆかり
"
2016/09/11,おにぎり,"流石に飽きた (●´?`●) 

田村ゆかり
"
2016/09/10,うーん、,"お家で作るラーメンってやっぱり美味しくない (´-ω-`) 

田村ゆかり
"
2016/09/06,うーん,"目の調子が悪くて気持ち悪い
うーんうーん

田村ゆかり
"
2016/09/06,うー,"目の調子が悪くて気持ち悪い
うーんうーん

田村ゆかり
"
2016/09/02, (´-ω-`) ,"時間持て余して、スタバで果てしなくぼーっとしてたマン。。

田村ゆかり
"
2016/08/30,ああ,"かさ持ってきてないのに雨降りだしちゃった。
みなさんは気をつけてくださいね

田村ゆかり
"
2016/08/25,美容室,"髪の毛は乾かしてくれたけど、ブローがてきとーでボサボサ…。
別に困らないけど。けど。

田村ゆかり
"
2016/08/25,美容室,"髪の毛は乾かしてくれたけど、ブローがてきとーでボサボサ…。
別に困らないけど。けど。

田村ゆかり
"
2016/08/22,雨。,"台風すごいね。
雨と風が強い地域のみなさん気をつけて下さいね。

田村ゆかり
"
2016/08/18,うう,"お仕事終わってラーメン屋さん入ったら身体が豚骨のにおいになった…。
ううううううう。

田村ゆかり
"
2016/08/17,(´･ω･`),"棚の上に置いてたファンデーションが落下して割れて大惨事になったマン。、
掃除機でも吸えない！

田村ゆかり
"
2016/08/15,やたー！,"ピカチュウゲットだぜ！
桜咲いてるゾーンで、可愛いポケモンわんさか湧いてきてて身動きできなくなってたよ。
モジュール？ありがとうございますありがとうございます

田村ゆかり
"
2016/08/11,( =ﾟωﾟ )ノ,"ども。お久しぶりです。

昨日は焼き鳥の日だったんですね。
何事もなくてよかったです。

ところで自分の顔文字を忘れました。
こんなんでしたっけ・・？

鳩山☆HATOO
"
2016/08/11,ぬぬ。,"甘酒飲んだら、喉がえぐぐってなった。。
いつもはならないのになんでだろ？

田村ゆかり
"
2016/08/09,今年の,"お盆はいつなんだろ？
そもそも、毎年違うのかな？？
お盆休み制度ないからよくわかんない

田村ゆかり
"
2016/08/06,よくあるやつ,"ズバットをズバッーッと捕まえたぞ(ドヤ)

だれじゃ
"
2016/08/05,ボケモンGO,"立ち上げるたびに、ポケモンの歌が頭に流れる
これって何気にすごくない？

田村ゆかり
"
2016/08/04,ううう,"腕だして外出るの恥ずかしい…
誰にも強要されてなくて自分の意思だけど…
半袖のカーデがなかっただけだけど…
スタジオ寒いから長袖はもって来てるけど…

田村ゆかり
"
2016/08/02,小指,"絆創膏ｈってみｔけどキーボードうちにくい

ｔｓむらゆかり
"
2016/07/28,最近,"すぐ眠たくなる…。
夜は頭が働かない、、

たむらゆかり
"
2016/07/24,ぐぐぐ,"めっちゃ久しぶりにマッサージ行ってから肩が痛い(´･ω･`)

田村ゆかり
"
2016/07/22,あそうか,"今日は花金なのか…。
栄えてるね、町。

田村ゆかり
"
2016/07/21, :;(∩´?`∩);: ,"今日もんげー寒い
半袖なの後悔してる

田村ゆかり
"
2016/07/20,午前中は,"過ごしやすくていいなぁ

たむらゆかり
"
2016/07/18,あ,"裏マックっていうの、もう終わってるの？
ホームページに載ってないね。

田村ゆかり
"
2016/07/16,昨日の,"あんみつやっと食べた。
豆かんの方がすき。

たむらゆかり
"
2016/07/15,ふふふふふ,"あんみつ買うた。
まだ食べてはいない。

たむらゆかり
"
2016/07/11,【再】伝書鳩の送信テスト2です,"今日も前回に引き続き～

より快適に鳩メールをお届けできるように
伝書鳩の配信調整をおこなっております。

(●´_ _)ﾍﾟｺ
MellowPretty事務局：フクダ
"
2016/07/06,【再】伝書鳩の送信テストです,"より快適に鳩メールをお届けできるように
伝書鳩の配信調整をおこなっております。

(*_ _)ﾍﾟｺﾘ
MellowPretty事務局：フクダ
"
2016/07/06,定例報告,"今日の晩ご飯はポテトチップスでした。

たむらゆかり
"
2016/07/05,ついに,"マクドナルド解禁(´･ω･`)
ああ…。

たむらゆかり
"
2016/07/04,今日は,"スイカ食べた。
スイカは冷蔵庫に入らないからなかなか買えないよねー。

たむらゆかり
"
2016/07/03,コンビニの,"シーチキン巻きの美味しさは異常。
シーチキンおにぎりじゃダメなんだよなぁ。
すなわち酢飯最高。

たむらゆかり
"
2016/07/02,うううん。,"目がしばしばするよう｡ﾟ(ﾟ´Д｀ﾟ)ﾟ｡
乾燥酷い。

たむらゆかり
"
2016/07/01,嗚呼,"洗濯が　終わらないから　寝れないよ
寝てもいいけど　エラーが出るの

ゆかりん心の短歌
"
2016/06/30,ふむ。,"U23面白いなぁ。
それはそうとおなかすいた。
なんも食べる気しないけど。

たむらゆかり
"
2016/06/29,(°_°),"前髪切った。もちろん自分でだ。
まぁ、なんだ、あれだ。うん。
たむらゆかり
"
2016/06/28,夏だし,"サンダル履いたら、足すっごい痛くなった。。

たむらゆかり
"
2016/06/27,珍しく,"録画以外の番組つけてるー。
日本代表さんはまだかなぁ。

たむらゆかり
"
2016/06/25,たい焼き,"食べたと思ったでしょ？
まだです。。
おなかすいたお(´･ω･`)

たむらゆかり
"
2016/06/25,今日の,"お昼はたい焼きです(´･ω･`)
こないだ買って冷凍したやーつです。。
冷凍庫は永遠。

たむらゆかり
"
2016/06/20,伝書鳩の送信テスト最終回です,"てすてすてすパート3～
送信テストは今回で終了です。

""φ(･ｪ･o)~最終ﾁｪｯｸ☆

次回の本配信より、姫から王国の皆様へ直接お送りさせて頂きます。

-ご注意-
本配信は会員有効期限内の方のみが送信対象となります。
会員有効期限は、会員専用エリア内の「MYPAGE」にてご確認ください。
MellowPretty事務局：フクダ
"
2016/06/15,伝書鳩の送信テスト2回目です,"てすてすてすパート2～
今日も会員の皆さまにきちんとお届けできるかテスト送信してます。

""φ(･ｪ･o)~ﾁｪｯｸﾁｪｯｸ♪♪

姫から王国の皆様へ直接お送りできるようになるまでもう暫くお待ちください。
MellowPretty事務局：フクダ
"
2016/06/11,伝書鳩の送信テストです,"てすてすてす～
会員の皆さまにきちんとお届けできるかテスト送信してます。

""φ(･ｪ･o)~ﾁｪｯｸ♪

姫から王国の皆様へ直接お送りできるようになるまでまでもう暫くお待ちください。
MellowPretty事務局：フクダ
"
2015/05/25,う、、,"クリームチーズのプリン作ってたら火傷しました。

田村ゆかり
"
2015/05/24,大阪,"2日目
雨ふらなさそうでよかったです

田村ゆかり
"
2015/05/23,今日は,"大阪です！
お天気いいかな？

田村ゆかり
"
2015/05/22,朝,"ですね。
おはようございます。

田村ゆかり
"
2015/05/21,鳩の,"システムが変わりました。
ちゃんと届いてますか？

田村ゆかり
"
2018/10/26,10/26,"なんか鼻水めっちゃでる。。
えー。。

田村ゆかり
"
2018/10/25,10/25,"知らないうちに何かのボタンを押してたみたいでiPhoneのOSがアプデされちゃった。。
なんだろう、とても嫌だし悲しみ。

田村ゆかり
"
2018/10/21,10/21,"賞味期限切れた食べ物を頑張って消費してる、、
けど追いつかない。こまった。

田村ゆかり
"
2018/10/16,10/16,"ソファで一休みしちゃダメなんだよ・・
わかってるんだけど・・
わｋ

田村ゆかり
"
2018/10/13,10/13,"お月様が鋭利でかわいいな

田村ゆかり
"
2018/10/12,10/12,"やっと帰宅したので、ひとりでインスタントパーティを開催しながら代表選みまーす。

田村ゆかり
"
2018/10/11,10/11,"宇宙飛行士さん、無事でよかった…。

田村ゆかり
"
2018/10/10,10/10,"また知らない間に擦り傷できてた

田村ゆかり
"
2018/09/26,9/26,"寒くて洋服困っちゃうなー
明日も寒いのかな？

田村ゆかり
"
2018/09/22,9/22,"雨降ってるのに傘持ってなくて半笑い。
え、昨日の夜天気予報で「三連休は半袖でお出かけ」って言ってたのに。
半袖だよ？？？？
言いなりだよ？？？？

田村ゆかり
"
2018/09/16,9/16,"もうずっと豚骨ラーメン食べたい。
豚骨ラーメン食べたい。
豚骨ラーメンが食べたいのじゃ！
食べたいよぉー！

田村ゆかり
"
2018/09/15,9/15,"鏡見たら、なんか落ち武者みたいになってた。。

武者りん(´+ω+｀)
"
2018/09/14,9/14-2,"すっかり秋だなぁ。
衣替えしないと…

田村ゆかり
"
2018/09/14,9/14,"ご飯いっぱい食べちゃったから明日は節制しよう。。しよう。

田村ゆかり
"
2018/09/11,9/11,"ちくわとチーズ最強説

田村ゆかり
"